id,mpg,acceleration,cylinders,displacement,horsepower,model year,origin,weight,acceleration cylinders,acceleration displacement,acceleration horsepower,acceleration model year,acceleration origin,acceleration weight,cylinders displacement,cylinders horsepower,cylinders model year,cylinders origin,cylinders weight,displacement horsepower,displacement model year,displacement origin,displacement weight,horsepower model year,horsepower origin,horsepower weight,model year origin,model year weight,origin weight
0,29.0,16.0,4.0,135.0,84.0,82.0,1.0,2525.0,64.0,2160.0,1344.0,1312.0,16.0,40400.0,540.0,336.0,328.0,4.0,10100.0,11340.0,11070.0,135.0,340875.0,6888.0,84.0,212100.0,82.0,207050.0,2525.0
3,31.9,14.0,4.0,89.0,71.0,79.0,2.0,1925.0,56.0,1246.0,994.0,1106.0,28.0,26950.0,356.0,284.0,316.0,8.0,7700.0,6319.0,7031.0,178.0,171325.0,5609.0,142.0,136675.0,158.0,152075.0,3850.0
9,19.0,15.5,6.0,156.0,108.0,76.0,3.0,2930.0,93.0,2418.0,1674.0,1178.0,46.5,45415.0,936.0,648.0,456.0,18.0,17580.0,16848.0,11856.0,468.0,457080.0,8208.0,324.0,316440.0,228.0,222680.0,8790.0
11,28.0,14.5,4.0,90.0,75.0,74.0,1.0,2125.0,58.0,1305.0,1087.5,1073.0,14.5,30812.5,360.0,300.0,296.0,4.0,8500.0,6750.0,6660.0,90.0,191250.0,5550.0,75.0,159375.0,74.0,157250.0,2125.0
13,37.7,17.3,4.0,89.0,62.0,81.0,3.0,2050.0,69.2,1539.7,1072.6000000000001,1401.3,51.900000000000006,35465.0,356.0,248.0,324.0,12.0,8200.0,5518.0,7209.0,267.0,182450.0,5022.0,186.0,127100.0,243.0,166050.0,6150.0
16,27.0,18.0,4.0,151.0,90.0,82.0,1.0,2735.0,72.0,2718.0,1620.0,1476.0,18.0,49230.0,604.0,360.0,328.0,4.0,10940.0,13590.0,12382.0,151.0,412985.0,7380.0,90.0,246150.0,82.0,224270.0,2735.0
18,16.0,18.5,6.0,250.0,105.0,75.0,1.0,3897.0,111.0,4625.0,1942.5,1387.5,18.5,72094.5,1500.0,630.0,450.0,6.0,23382.0,26250.0,18750.0,250.0,974250.0,7875.0,105.0,409185.0,75.0,292275.0,3897.0
19,11.0,11.0,8.0,350.0,180.0,73.0,1.0,3664.0,88.0,3850.0,1980.0,803.0,11.0,40304.0,2800.0,1440.0,584.0,8.0,29312.0,63000.0,25550.0,350.0,1282400.0,13140.0,180.0,659520.0,73.0,267472.0,3664.0
23,26.0,12.5,4.0,121.0,113.0,70.0,2.0,2234.0,50.0,1512.5,1412.5,875.0,25.0,27925.0,484.0,452.0,280.0,8.0,8936.0,13673.0,8470.0,242.0,270314.0,7910.0,226.0,252442.0,140.0,156380.0,4468.0
24,18.2,15.2,8.0,318.0,135.0,79.0,1.0,3830.0,121.6,4833.599999999999,2052.0,1200.8,15.2,58216.0,2544.0,1080.0,632.0,8.0,30640.0,42930.0,25122.0,318.0,1217940.0,10665.0,135.0,517050.0,79.0,302570.0,3830.0
25,16.5,16.7,6.0,168.0,120.0,76.0,2.0,3820.0,100.19999999999999,2805.6,2004.0,1269.2,33.4,63794.0,1008.0,720.0,456.0,12.0,22920.0,20160.0,12768.0,336.0,641760.0,9120.0,240.0,458400.0,152.0,290320.0,7640.0
28,30.9,14.5,4.0,105.0,75.0,78.0,1.0,2230.0,58.0,1522.5,1087.5,1131.0,14.5,32335.0,420.0,300.0,312.0,4.0,8920.0,7875.0,8190.0,105.0,234150.0,5850.0,75.0,167250.0,78.0,173940.0,2230.0
31,27.0,14.5,4.0,97.0,88.0,70.0,3.0,2130.0,58.0,1406.5,1276.0,1015.0,43.5,30885.0,388.0,352.0,280.0,12.0,8520.0,8536.0,6790.0,291.0,206610.0,6160.0,264.0,187440.0,210.0,149100.0,6390.0
32,14.0,12.0,8.0,350.0,165.0,71.0,1.0,4209.0,96.0,4200.0,1980.0,852.0,12.0,50508.0,2800.0,1320.0,568.0,8.0,33672.0,57750.0,24850.0,350.0,1473150.0,11715.0,165.0,694485.0,71.0,298839.0,4209.0
35,18.0,16.0,6.0,232.0,100.0,73.0,1.0,2945.0,96.0,3712.0,1600.0,1168.0,16.0,47120.0,1392.0,600.0,438.0,6.0,17670.0,23200.0,16936.0,232.0,683240.0,7300.0,100.0,294500.0,73.0,214985.0,2945.0
36,26.0,18.0,4.0,96.0,69.0,72.0,2.0,2189.0,72.0,1728.0,1242.0,1296.0,36.0,39402.0,384.0,276.0,288.0,8.0,8756.0,6624.0,6912.0,192.0,210144.0,4968.0,138.0,151041.0,144.0,157608.0,4378.0
38,32.1,15.5,4.0,98.0,70.0,80.0,1.0,2120.0,62.0,1519.0,1085.0,1240.0,15.5,32860.0,392.0,280.0,320.0,4.0,8480.0,6860.0,7840.0,98.0,207760.0,5600.0,70.0,148400.0,80.0,169600.0,2120.0
39,24.5,22.1,4.0,98.0,60.0,76.0,1.0,2164.0,88.4,2165.8,1326.0,1679.6000000000001,22.1,47824.4,392.0,240.0,304.0,4.0,8656.0,5880.0,7448.0,98.0,212072.0,4560.0,60.0,129840.0,76.0,164464.0,2164.0
40,28.1,20.4,4.0,141.0,80.0,81.0,2.0,3230.0,81.6,2876.3999999999996,1632.0,1652.3999999999999,40.8,65892.0,564.0,320.0,324.0,8.0,12920.0,11280.0,11421.0,282.0,455430.0,6480.0,160.0,258400.0,162.0,261630.0,6460.0
41,32.7,11.4,6.0,168.0,132.0,80.0,3.0,2910.0,68.4,1915.2,1504.8,912.0,34.2,33174.0,1008.0,792.0,480.0,18.0,17460.0,22176.0,13440.0,504.0,488880.0,10560.0,396.0,384120.0,240.0,232800.0,8730.0
42,19.0,18.5,4.0,122.0,85.0,73.0,1.0,2310.0,74.0,2257.0,1572.5,1350.5,18.5,42735.0,488.0,340.0,292.0,4.0,9240.0,10370.0,8906.0,122.0,281820.0,6205.0,85.0,196350.0,73.0,168630.0,2310.0
43,15.0,14.9,8.0,302.0,130.0,77.0,1.0,4295.0,119.2,4499.8,1937.0,1147.3,14.9,63995.5,2416.0,1040.0,616.0,8.0,34360.0,39260.0,23254.0,302.0,1297090.0,10010.0,130.0,558350.0,77.0,330715.0,4295.0
44,26.0,15.5,4.0,108.0,93.0,74.0,3.0,2391.0,62.0,1674.0,1441.5,1147.0,46.5,37060.5,432.0,372.0,296.0,12.0,9564.0,10044.0,7992.0,324.0,258228.0,6882.0,279.0,222363.0,222.0,176934.0,7173.0
47,17.0,15.4,8.0,305.0,130.0,79.0,1.0,3840.0,123.2,4697.0,2002.0,1216.6000000000001,15.4,59136.0,2440.0,1040.0,632.0,8.0,30720.0,39650.0,24095.0,305.0,1171200.0,10270.0,130.0,499200.0,79.0,303360.0,3840.0
48,23.0,20.5,4.0,151.0,93.5,82.0,1.0,3035.0,82.0,3095.5,1916.75,1681.0,20.5,62217.5,604.0,374.0,328.0,4.0,12140.0,14118.5,12382.0,151.0,458285.0,7667.0,93.5,283772.5,82.0,248870.0,3035.0
50,19.8,18.2,6.0,200.0,85.0,79.0,1.0,2990.0,109.19999999999999,3640.0,1547.0,1437.8,18.2,54418.0,1200.0,510.0,474.0,6.0,17940.0,17000.0,15800.0,200.0,598000.0,6715.0,85.0,254150.0,79.0,236210.0,2990.0
53,13.0,12.0,8.0,400.0,175.0,71.0,1.0,5140.0,96.0,4800.0,2100.0,852.0,12.0,61680.0,3200.0,1400.0,568.0,8.0,41120.0,70000.0,28400.0,400.0,2056000.0,12425.0,175.0,899500.0,71.0,364940.0,5140.0
57,36.0,13.0,4.0,135.0,84.0,82.0,1.0,2370.0,52.0,1755.0,1092.0,1066.0,13.0,30810.0,540.0,336.0,328.0,4.0,9480.0,11340.0,11070.0,135.0,319950.0,6888.0,84.0,199080.0,82.0,194340.0,2370.0
58,17.0,15.5,6.0,250.0,100.0,71.0,1.0,3329.0,93.0,3875.0,1550.0,1100.5,15.5,51599.5,1500.0,600.0,426.0,6.0,19974.0,25000.0,17750.0,250.0,832250.0,7100.0,100.0,332900.0,71.0,236359.0,3329.0
62,38.0,17.0,6.0,262.0,85.0,82.0,1.0,3015.0,102.0,4454.0,1445.0,1394.0,17.0,51255.0,1572.0,510.0,492.0,6.0,18090.0,22270.0,21484.0,262.0,789930.0,6970.0,85.0,256275.0,82.0,247230.0,3015.0
67,31.5,18.5,4.0,98.0,68.0,77.0,3.0,2045.0,74.0,1813.0,1258.0,1424.5,55.5,37832.5,392.0,272.0,308.0,12.0,8180.0,6664.0,7546.0,294.0,200410.0,5236.0,204.0,139060.0,231.0,157465.0,6135.0
69,16.0,17.0,6.0,250.0,100.0,74.0,1.0,3781.0,102.0,4250.0,1700.0,1258.0,17.0,64277.0,1500.0,600.0,444.0,6.0,22686.0,25000.0,18500.0,250.0,945250.0,7400.0,100.0,378100.0,74.0,279794.0,3781.0
70,31.5,14.9,4.0,89.0,71.0,78.0,2.0,1990.0,59.6,1326.1000000000001,1057.9,1162.2,29.8,29651.0,356.0,284.0,312.0,8.0,7960.0,6319.0,6942.0,178.0,177110.0,5538.0,142.0,141290.0,156.0,155220.0,3980.0
71,39.1,16.9,4.0,79.0,58.0,81.0,3.0,1755.0,67.6,1335.1,980.1999999999999,1368.8999999999999,50.699999999999996,29659.499999999996,316.0,232.0,324.0,12.0,7020.0,4582.0,6399.0,237.0,138645.0,4698.0,174.0,101790.0,243.0,142155.0,5265.0
72,24.0,14.0,4.0,121.0,110.0,73.0,2.0,2660.0,56.0,1694.0,1540.0,1022.0,28.0,37240.0,484.0,440.0,292.0,8.0,10640.0,13310.0,8833.0,242.0,321860.0,8030.0,220.0,292600.0,146.0,194180.0,5320.0
75,32.0,21.0,4.0,71.0,65.0,74.0,3.0,1836.0,84.0,1491.0,1365.0,1554.0,63.0,38556.0,284.0,260.0,296.0,12.0,7344.0,4615.0,5254.0,213.0,130356.0,4810.0,195.0,119340.0,222.0,135864.0,5508.0
77,15.0,19.0,6.0,258.0,110.0,75.0,1.0,3730.0,114.0,4902.0,2090.0,1425.0,19.0,70870.0,1548.0,660.0,450.0,6.0,22380.0,28380.0,19350.0,258.0,962340.0,8250.0,110.0,410300.0,75.0,279750.0,3730.0
79,33.8,18.0,4.0,97.0,67.0,80.0,3.0,2145.0,72.0,1746.0,1206.0,1440.0,54.0,38610.0,388.0,268.0,320.0,12.0,8580.0,6499.0,7760.0,291.0,208065.0,5360.0,201.0,143715.0,240.0,171600.0,6435.0
80,31.3,17.5,4.0,120.0,75.0,80.0,3.0,2542.0,70.0,2100.0,1312.5,1400.0,52.5,44485.0,480.0,300.0,320.0,12.0,10168.0,9000.0,9600.0,360.0,305040.0,6000.0,225.0,190650.0,240.0,203360.0,7626.0
82,23.0,18.5,4.0,140.0,78.0,75.0,1.0,2592.0,74.0,2590.0,1443.0,1387.5,18.5,47952.0,560.0,312.0,300.0,4.0,10368.0,10920.0,10500.0,140.0,362880.0,5850.0,78.0,202176.0,75.0,194400.0,2592.0
83,43.1,21.5,4.0,90.0,48.0,78.0,2.0,1985.0,86.0,1935.0,1032.0,1677.0,43.0,42677.5,360.0,192.0,312.0,8.0,7940.0,4320.0,7020.0,180.0,178650.0,3744.0,96.0,95280.0,156.0,154830.0,3970.0
84,27.2,15.7,4.0,135.0,84.0,81.0,1.0,2490.0,62.8,2119.5,1318.8,1271.7,15.7,39093.0,540.0,336.0,324.0,4.0,9960.0,11340.0,10935.0,135.0,336150.0,6804.0,84.0,209160.0,81.0,201690.0,2490.0
86,22.0,14.7,6.0,232.0,112.0,82.0,1.0,2835.0,88.19999999999999,3410.3999999999996,1646.3999999999999,1205.3999999999999,14.7,41674.5,1392.0,672.0,492.0,6.0,17010.0,25984.0,19024.0,232.0,657720.0,9184.0,112.0,317520.0,82.0,232470.0,2835.0
87,19.0,16.0,6.0,232.0,100.0,74.0,1.0,2901.0,96.0,3712.0,1600.0,1184.0,16.0,46416.0,1392.0,600.0,444.0,6.0,17406.0,23200.0,17168.0,232.0,673032.0,7400.0,100.0,290100.0,74.0,214674.0,2901.0
88,22.0,16.0,4.0,122.0,86.0,72.0,1.0,2395.0,64.0,1952.0,1376.0,1152.0,16.0,38320.0,488.0,344.0,288.0,4.0,9580.0,10492.0,8784.0,122.0,292190.0,6192.0,86.0,205970.0,72.0,172440.0,2395.0
91,23.0,17.0,4.0,140.0,83.0,75.0,1.0,2639.0,68.0,2380.0,1411.0,1275.0,17.0,44863.0,560.0,332.0,300.0,4.0,10556.0,11620.0,10500.0,140.0,369460.0,6225.0,83.0,219037.0,75.0,197925.0,2639.0
93,13.0,12.0,8.0,350.0,165.0,72.0,1.0,4274.0,96.0,4200.0,1980.0,864.0,12.0,51288.0,2800.0,1320.0,576.0,8.0,34192.0,57750.0,25200.0,350.0,1495900.0,11880.0,165.0,705210.0,72.0,307728.0,4274.0
94,20.6,16.6,6.0,225.0,110.0,79.0,1.0,3360.0,99.60000000000001,3735.0000000000005,1826.0000000000002,1311.4,16.6,55776.00000000001,1350.0,660.0,474.0,6.0,20160.0,24750.0,17775.0,225.0,756000.0,8690.0,110.0,369600.0,79.0,265440.0,3360.0
95,35.1,16.1,4.0,81.0,60.0,81.0,3.0,1760.0,64.4,1304.1000000000001,966.0000000000001,1304.1000000000001,48.300000000000004,28336.000000000004,324.0,240.0,324.0,12.0,7040.0,4860.0,6561.0,243.0,142560.0,4860.0,180.0,105600.0,243.0,142560.0,5280.0
98,44.6,13.8,4.0,91.0,67.0,80.0,3.0,1850.0,55.2,1255.8,924.6,1104.0,41.400000000000006,25530.0,364.0,268.0,320.0,12.0,7400.0,6097.0,7280.0,273.0,168350.0,5360.0,201.0,123950.0,240.0,148000.0,5550.0
99,25.0,16.9,4.0,116.0,81.0,76.0,2.0,2220.0,67.6,1960.3999999999999,1368.8999999999999,1284.3999999999999,33.8,37518.0,464.0,324.0,304.0,8.0,8880.0,9396.0,8816.0,232.0,257520.0,6156.0,162.0,179820.0,152.0,168720.0,4440.0
104,16.0,18.0,6.0,250.0,100.0,73.0,1.0,3278.0,108.0,4500.0,1800.0,1314.0,18.0,59004.0,1500.0,600.0,438.0,6.0,19668.0,25000.0,18250.0,250.0,819500.0,7300.0,100.0,327800.0,73.0,239294.0,3278.0
105,31.0,19.4,4.0,119.0,82.0,82.0,1.0,2720.0,77.6,2308.6,1590.8,1590.8,19.4,52767.99999999999,476.0,328.0,328.0,4.0,10880.0,9758.0,9758.0,119.0,323680.0,6724.0,82.0,223040.0,82.0,223040.0,2720.0
109,31.0,16.2,4.0,112.0,85.0,82.0,1.0,2575.0,64.8,1814.3999999999999,1377.0,1328.3999999999999,16.2,41715.0,448.0,340.0,328.0,4.0,10300.0,9520.0,9184.0,112.0,288400.0,6970.0,85.0,218875.0,82.0,211150.0,2575.0
110,25.0,14.9,4.0,140.0,92.0,76.0,1.0,2572.0,59.6,2086.0,1370.8,1132.4,14.9,38322.8,560.0,368.0,304.0,4.0,10288.0,12880.0,10640.0,140.0,360080.0,6992.0,92.0,236624.0,76.0,195472.0,2572.0
111,27.2,14.7,4.0,119.0,97.0,78.0,3.0,2300.0,58.8,1749.3,1425.8999999999999,1146.6,44.099999999999994,33810.0,476.0,388.0,312.0,12.0,9200.0,11543.0,9282.0,357.0,273700.0,7566.0,291.0,223100.0,234.0,179400.0,6900.0
115,13.0,11.0,8.0,360.0,175.0,73.0,1.0,3821.0,88.0,3960.0,1925.0,803.0,11.0,42031.0,2880.0,1400.0,584.0,8.0,30568.0,63000.0,26280.0,360.0,1375560.0,12775.0,175.0,668675.0,73.0,278933.0,3821.0
117,30.0,14.5,4.0,88.0,76.0,71.0,2.0,2065.0,58.0,1276.0,1102.0,1029.5,29.0,29942.5,352.0,304.0,284.0,8.0,8260.0,6688.0,6248.0,176.0,181720.0,5396.0,152.0,156940.0,142.0,146615.0,4130.0
118,9.0,18.5,8.0,304.0,193.0,70.0,1.0,4732.0,148.0,5624.0,3570.5,1295.0,18.5,87542.0,2432.0,1544.0,560.0,8.0,37856.0,58672.0,21280.0,304.0,1438528.0,13510.0,193.0,913276.0,70.0,331240.0,4732.0
119,34.0,16.9,4.0,108.0,70.0,82.0,3.0,2245.0,67.6,1825.1999999999998,1183.0,1385.8,50.699999999999996,37940.5,432.0,280.0,328.0,12.0,8980.0,7560.0,8856.0,324.0,242460.0,5740.0,210.0,157150.0,246.0,184090.0,6735.0
121,25.0,16.5,4.0,90.0,71.0,75.0,2.0,2223.0,66.0,1485.0,1171.5,1237.5,33.0,36679.5,360.0,284.0,300.0,8.0,8892.0,6390.0,6750.0,180.0,200070.0,5325.0,142.0,157833.0,150.0,166725.0,4446.0
123,21.5,12.8,4.0,121.0,110.0,77.0,2.0,2600.0,51.2,1548.8000000000002,1408.0,985.6,25.6,33280.0,484.0,440.0,308.0,8.0,10400.0,13310.0,9317.0,242.0,314600.0,8470.0,220.0,286000.0,154.0,200200.0,5200.0
125,38.1,18.8,4.0,89.0,60.0,80.0,3.0,1968.0,75.2,1673.2,1128.0,1504.0,56.400000000000006,36998.4,356.0,240.0,320.0,12.0,7872.0,5340.0,7120.0,267.0,175152.0,4800.0,180.0,118080.0,240.0,157440.0,5904.0
127,14.0,13.5,8.0,351.0,148.0,75.0,1.0,4657.0,108.0,4738.5,1998.0,1012.5,13.5,62869.5,2808.0,1184.0,600.0,8.0,37256.0,51948.0,26325.0,351.0,1634607.0,11100.0,148.0,689236.0,75.0,349275.0,4657.0
128,23.0,14.5,4.0,120.0,97.0,72.0,3.0,2506.0,58.0,1740.0,1406.5,1044.0,43.5,36337.0,480.0,388.0,288.0,12.0,10024.0,11640.0,8640.0,360.0,300720.0,6984.0,291.0,243082.0,216.0,180432.0,7518.0
129,34.3,15.8,4.0,97.0,78.0,80.0,2.0,2188.0,63.2,1532.6000000000001,1232.4,1264.0,31.6,34570.4,388.0,312.0,320.0,8.0,8752.0,7566.0,7760.0,194.0,212236.0,6240.0,156.0,170664.0,160.0,175040.0,4376.0
130,22.0,19.0,4.0,140.0,72.0,71.0,1.0,2408.0,76.0,2660.0,1368.0,1349.0,19.0,45752.0,560.0,288.0,284.0,4.0,9632.0,10080.0,9940.0,140.0,337120.0,5112.0,72.0,173376.0,71.0,170968.0,2408.0
131,15.5,11.4,8.0,350.0,170.0,77.0,1.0,4165.0,91.2,3990.0,1938.0,877.8000000000001,11.4,47481.0,2800.0,1360.0,616.0,8.0,33320.0,59500.0,26950.0,350.0,1457750.0,13090.0,170.0,708050.0,77.0,320705.0,4165.0
139,16.0,14.0,8.0,302.0,140.0,74.0,1.0,4141.0,112.0,4228.0,1960.0,1036.0,14.0,57974.0,2416.0,1120.0,592.0,8.0,33128.0,42280.0,22348.0,302.0,1250582.0,10360.0,140.0,579740.0,74.0,306434.0,4141.0
143,14.0,9.0,8.0,454.0,220.0,70.0,1.0,4354.0,72.0,4086.0,1980.0,630.0,9.0,39186.0,3632.0,1760.0,560.0,8.0,34832.0,99880.0,31780.0,454.0,1976716.0,15400.0,220.0,957880.0,70.0,304780.0,4354.0
147,26.0,17.7,4.0,98.0,79.0,76.0,1.0,2255.0,70.8,1734.6,1398.3,1345.2,17.7,39913.5,392.0,316.0,304.0,4.0,9020.0,7742.0,7448.0,98.0,220990.0,6004.0,79.0,178145.0,76.0,171380.0,2255.0
148,28.0,14.0,4.0,116.0,90.0,71.0,2.0,2123.0,56.0,1624.0,1260.0,994.0,28.0,29722.0,464.0,360.0,284.0,8.0,8492.0,10440.0,8236.0,232.0,246268.0,6390.0,180.0,191070.0,142.0,150733.0,4246.0
149,32.9,14.8,4.0,119.0,100.0,81.0,3.0,2615.0,59.2,1761.2,1480.0,1198.8,44.400000000000006,38702.0,476.0,400.0,324.0,12.0,10460.0,11900.0,9639.0,357.0,311185.0,8100.0,300.0,261500.0,243.0,211815.0,7845.0
151,30.0,12.9,4.0,135.0,84.0,81.0,1.0,2385.0,51.6,1741.5,1083.6000000000001,1044.9,12.9,30766.5,540.0,336.0,324.0,4.0,9540.0,11340.0,10935.0,135.0,321975.0,6804.0,84.0,200340.0,81.0,193185.0,2385.0
152,25.0,16.4,6.0,181.0,110.0,82.0,1.0,2945.0,98.39999999999999,2968.3999999999996,1803.9999999999998,1344.8,16.4,48297.99999999999,1086.0,660.0,492.0,6.0,17670.0,19910.0,14842.0,181.0,533045.0,9020.0,110.0,323950.0,82.0,241490.0,2945.0
157,15.0,10.0,8.0,429.0,198.0,70.0,1.0,4341.0,80.0,4290.0,1980.0,700.0,10.0,43410.0,3432.0,1584.0,560.0,8.0,34728.0,84942.0,30030.0,429.0,1862289.0,13860.0,198.0,859518.0,70.0,303870.0,4341.0
160,23.0,17.0,4.0,120.0,88.0,75.0,2.0,2957.0,68.0,2040.0,1496.0,1275.0,34.0,50269.0,480.0,352.0,300.0,8.0,11828.0,10560.0,9000.0,240.0,354840.0,6600.0,176.0,260216.0,150.0,221775.0,5914.0
161,14.0,16.0,8.0,302.0,140.0,74.0,1.0,4638.0,128.0,4832.0,2240.0,1184.0,16.0,74208.0,2416.0,1120.0,592.0,8.0,37104.0,42280.0,22348.0,302.0,1400676.0,10360.0,140.0,649320.0,74.0,343212.0,4638.0
163,24.2,13.8,6.0,146.0,120.0,81.0,3.0,2930.0,82.80000000000001,2014.8000000000002,1656.0,1117.8,41.400000000000006,40434.0,876.0,720.0,486.0,18.0,17580.0,17520.0,11826.0,438.0,427780.0,9720.0,360.0,351600.0,243.0,237330.0,8790.0
165,19.0,17.0,6.0,232.0,90.0,75.0,1.0,3211.0,102.0,3944.0,1530.0,1275.0,17.0,54587.0,1392.0,540.0,450.0,6.0,19266.0,20880.0,17400.0,232.0,744952.0,6750.0,90.0,288990.0,75.0,240825.0,3211.0
166,27.0,19.0,4.0,97.0,60.0,71.0,2.0,1834.0,76.0,1843.0,1140.0,1349.0,38.0,34846.0,388.0,240.0,284.0,8.0,7336.0,5820.0,6887.0,194.0,177898.0,4260.0,120.0,110040.0,142.0,130214.0,3668.0
169,15.0,12.5,8.0,318.0,150.0,73.0,1.0,3777.0,100.0,3975.0,1875.0,912.5,12.5,47212.5,2544.0,1200.0,584.0,8.0,30216.0,47700.0,23214.0,318.0,1201086.0,10950.0,150.0,566550.0,73.0,275721.0,3777.0
172,22.0,14.5,6.0,250.0,105.0,76.0,1.0,3353.0,87.0,3625.0,1522.5,1102.0,14.5,48618.5,1500.0,630.0,456.0,6.0,20118.0,26250.0,19000.0,250.0,838250.0,7980.0,105.0,352065.0,76.0,254828.0,3353.0
174,18.0,12.0,8.0,307.0,130.0,70.0,1.0,3504.0,96.0,3684.0,1560.0,840.0,12.0,42048.0,2456.0,1040.0,560.0,8.0,28032.0,39910.0,21490.0,307.0,1075728.0,9100.0,130.0,455520.0,70.0,245280.0,3504.0
177,15.0,10.0,8.0,383.0,170.0,70.0,1.0,3563.0,80.0,3830.0,1700.0,700.0,10.0,35630.0,3064.0,1360.0,560.0,8.0,28504.0,65110.0,26810.0,383.0,1364629.0,11900.0,170.0,605710.0,70.0,249410.0,3563.0
178,39.0,16.4,4.0,86.0,64.0,81.0,1.0,1875.0,65.6,1410.3999999999999,1049.6,1328.3999999999999,16.4,30749.999999999996,344.0,256.0,324.0,4.0,7500.0,5504.0,6966.0,86.0,161250.0,5184.0,64.0,120000.0,81.0,151875.0,1875.0
180,26.0,15.5,4.0,79.0,67.0,74.0,2.0,1963.0,62.0,1224.5,1038.5,1147.0,31.0,30426.5,316.0,268.0,296.0,8.0,7852.0,5293.0,5846.0,158.0,155077.0,4958.0,134.0,131521.0,148.0,145262.0,3926.0
182,34.0,18.0,4.0,112.0,88.0,82.0,1.0,2395.0,72.0,2016.0,1584.0,1476.0,18.0,43110.0,448.0,352.0,328.0,4.0,9580.0,9856.0,9184.0,112.0,268240.0,7216.0,88.0,210760.0,82.0,196390.0,2395.0
183,23.0,14.0,4.0,122.0,86.0,71.0,1.0,2220.0,56.0,1708.0,1204.0,994.0,14.0,31080.0,488.0,344.0,284.0,4.0,8880.0,10492.0,8662.0,122.0,270840.0,6106.0,86.0,190920.0,71.0,157620.0,2220.0
184,31.8,19.2,4.0,85.0,65.0,79.0,3.0,2020.0,76.8,1632.0,1248.0,1516.8,57.599999999999994,38784.0,340.0,260.0,316.0,12.0,8080.0,5525.0,6715.0,255.0,171700.0,5135.0,195.0,131300.0,237.0,159580.0,6060.0
185,29.0,14.2,4.0,90.0,70.0,76.0,2.0,1937.0,56.8,1278.0,994.0,1079.2,28.4,27505.399999999998,360.0,280.0,304.0,8.0,7748.0,6300.0,6840.0,180.0,174330.0,5320.0,140.0,135590.0,152.0,147212.0,3874.0
187,26.4,18.1,4.0,140.0,88.0,80.0,1.0,2870.0,72.4,2534.0,1592.8000000000002,1448.0,18.1,51947.00000000001,560.0,352.0,320.0,4.0,11480.0,12320.0,11200.0,140.0,401800.0,7040.0,88.0,252560.0,80.0,229600.0,2870.0
188,25.5,15.5,4.0,122.0,96.0,77.0,1.0,2300.0,62.0,1891.0,1488.0,1193.5,15.5,35650.0,488.0,384.0,308.0,4.0,9200.0,11712.0,9394.0,122.0,280600.0,7392.0,96.0,220800.0,77.0,177100.0,2300.0
189,20.8,16.7,6.0,200.0,85.0,78.0,1.0,3070.0,100.19999999999999,3340.0,1419.5,1302.6,16.7,51269.0,1200.0,510.0,468.0,6.0,18420.0,17000.0,15600.0,200.0,614000.0,6630.0,85.0,260950.0,78.0,239460.0,3070.0
192,34.4,16.2,4.0,98.0,65.0,81.0,1.0,2045.0,64.8,1587.6,1053.0,1312.2,16.2,33129.0,392.0,260.0,324.0,4.0,8180.0,6370.0,7938.0,98.0,200410.0,5265.0,65.0,132925.0,81.0,165645.0,2045.0
193,16.5,13.2,8.0,351.0,138.0,79.0,1.0,3955.0,105.6,4633.2,1821.6,1042.8,13.2,52206.0,2808.0,1104.0,632.0,8.0,31640.0,48438.0,27729.0,351.0,1388205.0,10902.0,138.0,545790.0,79.0,312445.0,3955.0
195,24.0,15.0,4.0,120.0,97.0,74.0,3.0,2489.0,60.0,1800.0,1455.0,1110.0,45.0,37335.0,480.0,388.0,296.0,12.0,9956.0,11640.0,8880.0,360.0,298680.0,7178.0,291.0,241433.0,222.0,184186.0,7467.0
197,30.5,14.1,4.0,97.0,78.0,77.0,2.0,2190.0,56.4,1367.7,1099.8,1085.7,28.2,30879.0,388.0,312.0,308.0,8.0,8760.0,7566.0,7469.0,194.0,212430.0,6006.0,156.0,170820.0,154.0,168630.0,4380.0
201,34.5,14.9,4.0,105.0,70.0,79.0,1.0,2150.0,59.6,1564.5,1043.0,1177.1000000000001,14.9,32035.0,420.0,280.0,316.0,4.0,8600.0,7350.0,8295.0,105.0,225750.0,5530.0,70.0,150500.0,79.0,169850.0,2150.0
202,14.0,14.0,8.0,318.0,150.0,72.0,1.0,4077.0,112.0,4452.0,2100.0,1008.0,14.0,57078.0,2544.0,1200.0,576.0,8.0,32616.0,47700.0,22896.0,318.0,1296486.0,10800.0,150.0,611550.0,72.0,293544.0,4077.0
203,37.0,19.4,4.0,85.0,65.0,81.0,3.0,1975.0,77.6,1648.9999999999998,1261.0,1571.3999999999999,58.199999999999996,38315.0,340.0,260.0,324.0,12.0,7900.0,5525.0,6885.0,255.0,167875.0,5265.0,195.0,128375.0,243.0,159975.0,5925.0
204,29.8,15.3,4.0,89.0,62.0,80.0,2.0,1845.0,61.2,1361.7,948.6,1224.0,30.6,28228.5,356.0,248.0,320.0,8.0,7380.0,5518.0,7120.0,178.0,164205.0,4960.0,124.0,114390.0,160.0,147600.0,3690.0
205,26.0,20.5,4.0,91.0,70.0,71.0,1.0,1955.0,82.0,1865.5,1435.0,1455.5,20.5,40077.5,364.0,280.0,284.0,4.0,7820.0,6370.0,6461.0,91.0,177905.0,4970.0,70.0,136850.0,71.0,138805.0,1955.0
207,20.0,19.5,4.0,140.0,90.0,72.0,1.0,2408.0,78.0,2730.0,1755.0,1404.0,19.5,46956.0,560.0,360.0,288.0,4.0,9632.0,12600.0,10080.0,140.0,337120.0,6480.0,90.0,216720.0,72.0,173376.0,2408.0
208,18.1,15.1,6.0,258.0,120.0,78.0,1.0,3410.0,90.6,3895.7999999999997,1812.0,1177.8,15.1,51491.0,1548.0,720.0,468.0,6.0,20460.0,30960.0,20124.0,258.0,879780.0,9360.0,120.0,409200.0,78.0,265980.0,3410.0
209,31.0,16.5,4.0,76.0,52.0,74.0,3.0,1649.0,66.0,1254.0,858.0,1221.0,49.5,27208.5,304.0,208.0,296.0,12.0,6596.0,3952.0,5624.0,228.0,125324.0,3848.0,156.0,85748.0,222.0,122026.0,4947.0
211,15.5,13.7,8.0,318.0,145.0,77.0,1.0,4140.0,109.6,4356.599999999999,1986.5,1054.8999999999999,13.7,56718.0,2544.0,1160.0,616.0,8.0,33120.0,46110.0,24486.0,318.0,1316520.0,11165.0,145.0,600300.0,77.0,318780.0,4140.0
213,19.0,15.5,4.0,121.0,112.0,73.0,2.0,2868.0,62.0,1875.5,1736.0,1131.5,31.0,44454.0,484.0,448.0,292.0,8.0,11472.0,13552.0,8833.0,242.0,347028.0,8176.0,224.0,321216.0,146.0,209364.0,5736.0
217,18.0,16.0,6.0,250.0,105.0,75.0,1.0,3459.0,96.0,4000.0,1680.0,1200.0,16.0,55344.0,1500.0,630.0,450.0,6.0,20754.0,26250.0,18750.0,250.0,864750.0,7875.0,105.0,363195.0,75.0,259425.0,3459.0
222,28.4,16.0,4.0,151.0,90.0,79.0,1.0,2670.0,64.0,2416.0,1440.0,1264.0,16.0,42720.0,604.0,360.0,316.0,4.0,10680.0,13590.0,11929.0,151.0,403170.0,7110.0,90.0,240300.0,79.0,210930.0,2670.0
226,26.0,14.5,4.0,97.0,78.0,74.0,2.0,2300.0,58.0,1406.5,1131.0,1073.0,29.0,33350.0,388.0,312.0,296.0,8.0,9200.0,7566.0,7178.0,194.0,223100.0,5772.0,156.0,179400.0,148.0,170200.0,4600.0
227,20.6,15.8,6.0,231.0,105.0,78.0,1.0,3380.0,94.80000000000001,3649.8,1659.0,1232.4,15.8,53404.0,1386.0,630.0,468.0,6.0,20280.0,24255.0,18018.0,231.0,780780.0,8190.0,105.0,354900.0,78.0,263640.0,3380.0
228,20.0,17.7,6.0,225.0,100.0,76.0,1.0,3651.0,106.19999999999999,3982.5,1770.0,1345.2,17.7,64622.7,1350.0,600.0,456.0,6.0,21906.0,22500.0,17100.0,225.0,821475.0,7600.0,100.0,365100.0,76.0,277476.0,3651.0
234,34.5,15.8,4.0,100.0,93.5,81.0,2.0,2320.0,63.2,1580.0,1477.3,1279.8,31.6,36656.0,400.0,374.0,324.0,8.0,9280.0,9350.0,8100.0,200.0,232000.0,7573.5,187.0,216920.0,162.0,187920.0,4640.0
237,22.0,14.5,6.0,146.0,97.0,77.0,3.0,2815.0,87.0,2117.0,1406.5,1116.5,43.5,40817.5,876.0,582.0,462.0,18.0,16890.0,14162.0,11242.0,438.0,410990.0,7469.0,291.0,273055.0,231.0,216755.0,8445.0
239,30.0,21.8,4.0,146.0,67.0,80.0,2.0,3250.0,87.2,3182.8,1460.6000000000001,1744.0,43.6,70850.0,584.0,268.0,320.0,8.0,13000.0,9782.0,11680.0,292.0,474500.0,5360.0,134.0,217750.0,160.0,260000.0,6500.0
240,17.5,17.8,6.0,258.0,95.0,76.0,1.0,3193.0,106.80000000000001,4592.400000000001,1691.0,1352.8,17.8,56835.4,1548.0,570.0,456.0,6.0,19158.0,24510.0,19608.0,258.0,823794.0,7220.0,95.0,303335.0,76.0,242668.0,3193.0
242,33.5,16.8,4.0,85.0,70.0,77.0,3.0,1945.0,67.2,1428.0,1176.0,1293.6000000000001,50.400000000000006,32676.0,340.0,280.0,308.0,12.0,7780.0,5950.0,6545.0,255.0,165325.0,5390.0,210.0,136150.0,231.0,149765.0,5835.0
243,12.0,13.5,8.0,350.0,160.0,72.0,1.0,4456.0,108.0,4725.0,2160.0,972.0,13.5,60156.0,2800.0,1280.0,576.0,8.0,35648.0,56000.0,25200.0,350.0,1559600.0,11520.0,160.0,712960.0,72.0,320832.0,4456.0
244,24.0,15.5,4.0,90.0,75.0,74.0,2.0,2108.0,62.0,1395.0,1162.5,1147.0,31.0,32674.0,360.0,300.0,296.0,8.0,8432.0,6750.0,6660.0,180.0,189720.0,5550.0,150.0,158100.0,148.0,155992.0,4216.0
247,13.0,13.2,8.0,318.0,150.0,76.0,1.0,3940.0,105.6,4197.599999999999,1980.0,1003.1999999999999,13.2,52008.0,2544.0,1200.0,608.0,8.0,31520.0,47700.0,24168.0,318.0,1252920.0,11400.0,150.0,591000.0,76.0,299440.0,3940.0
248,21.0,19.5,4.0,140.0,72.0,73.0,1.0,2401.0,78.0,2730.0,1404.0,1423.5,19.5,46819.5,560.0,288.0,292.0,4.0,9604.0,10080.0,10220.0,140.0,336140.0,5256.0,72.0,172872.0,73.0,175273.0,2401.0
249,33.0,14.2,4.0,105.0,74.0,81.0,2.0,2190.0,56.8,1491.0,1050.8,1150.2,28.4,31098.0,420.0,296.0,324.0,8.0,8760.0,7770.0,8505.0,210.0,229950.0,5994.0,148.0,162060.0,162.0,177390.0,4380.0
251,41.5,14.7,4.0,98.0,76.0,80.0,2.0,2144.0,58.8,1440.6,1117.2,1176.0,29.4,31516.8,392.0,304.0,320.0,8.0,8576.0,7448.0,7840.0,196.0,210112.0,6080.0,152.0,162944.0,160.0,171520.0,4288.0
252,23.0,23.5,4.0,97.0,54.0,72.0,2.0,2254.0,94.0,2279.5,1269.0,1692.0,47.0,52969.0,388.0,216.0,288.0,8.0,9016.0,5238.0,6984.0,194.0,218638.0,3888.0,108.0,121716.0,144.0,162288.0,4508.0
255,16.0,14.5,8.0,351.0,149.0,77.0,1.0,4335.0,116.0,5089.5,2160.5,1116.5,14.5,62857.5,2808.0,1192.0,616.0,8.0,34680.0,52299.0,27027.0,351.0,1521585.0,11473.0,149.0,645915.0,77.0,333795.0,4335.0
256,18.0,14.5,4.0,121.0,112.0,72.0,2.0,2933.0,58.0,1754.5,1624.0,1044.0,29.0,42528.5,484.0,448.0,288.0,8.0,11732.0,13552.0,8712.0,242.0,354893.0,8064.0,224.0,328496.0,144.0,211176.0,5866.0
257,35.0,15.1,4.0,122.0,88.0,80.0,2.0,2500.0,60.4,1842.2,1328.8,1208.0,30.2,37750.0,488.0,352.0,320.0,8.0,10000.0,10736.0,9760.0,244.0,305000.0,7040.0,176.0,220000.0,160.0,200000.0,5000.0
258,17.0,21.0,6.0,231.0,110.0,75.0,1.0,3907.0,126.0,4851.0,2310.0,1575.0,21.0,82047.0,1386.0,660.0,450.0,6.0,23442.0,25410.0,17325.0,231.0,902517.0,8250.0,110.0,429770.0,75.0,293025.0,3907.0
262,23.5,12.6,6.0,173.0,110.0,81.0,1.0,2725.0,75.6,2179.7999999999997,1386.0,1020.6,12.6,34335.0,1038.0,660.0,486.0,6.0,16350.0,19030.0,14013.0,173.0,471425.0,8910.0,110.0,299750.0,81.0,220725.0,2725.0
264,18.1,11.2,8.0,302.0,139.0,78.0,1.0,3205.0,89.6,3382.3999999999996,1556.8,873.5999999999999,11.2,35896.0,2416.0,1112.0,624.0,8.0,25640.0,41978.0,23556.0,302.0,967910.0,10842.0,139.0,445495.0,78.0,249990.0,3205.0
265,31.0,16.0,4.0,79.0,67.0,74.0,2.0,2000.0,64.0,1264.0,1072.0,1184.0,32.0,32000.0,316.0,268.0,296.0,8.0,8000.0,5293.0,5846.0,158.0,158000.0,4958.0,134.0,134000.0,148.0,148000.0,4000.0
266,15.0,13.0,8.0,350.0,145.0,73.0,1.0,4082.0,104.0,4550.0,1885.0,949.0,13.0,53066.0,2800.0,1160.0,584.0,8.0,32656.0,50750.0,25550.0,350.0,1428700.0,10585.0,145.0,591890.0,73.0,297986.0,4082.0
267,17.6,13.4,8.0,302.0,129.0,79.0,1.0,3725.0,107.2,4046.8,1728.6000000000001,1058.6000000000001,13.4,49915.0,2416.0,1032.0,632.0,8.0,29800.0,38958.0,23858.0,302.0,1124950.0,10191.0,129.0,480525.0,79.0,294275.0,3725.0
268,30.5,17.0,4.0,98.0,63.0,77.0,1.0,2051.0,68.0,1666.0,1071.0,1309.0,17.0,34867.0,392.0,252.0,308.0,4.0,8204.0,6174.0,7546.0,98.0,200998.0,4851.0,63.0,129213.0,77.0,157927.0,2051.0
270,36.4,19.9,5.0,121.0,67.0,80.0,2.0,2950.0,99.5,2407.8999999999996,1333.3,1592.0,39.8,58704.99999999999,605.0,335.0,400.0,10.0,14750.0,8107.0,9680.0,242.0,356950.0,5360.0,134.0,197650.0,160.0,236000.0,5900.0
272,20.0,13.5,6.0,156.0,122.0,73.0,3.0,2807.0,81.0,2106.0,1647.0,985.5,40.5,37894.5,936.0,732.0,438.0,18.0,16842.0,19032.0,11388.0,468.0,437892.0,8906.0,366.0,342454.0,219.0,204911.0,8421.0
273,25.8,14.4,4.0,156.0,92.0,81.0,1.0,2620.0,57.6,2246.4,1324.8,1166.4,14.4,37728.0,624.0,368.0,324.0,4.0,10480.0,14352.0,12636.0,156.0,408720.0,7452.0,92.0,241040.0,81.0,212220.0,2620.0
275,19.1,18.7,6.0,225.0,90.0,80.0,1.0,3381.0,112.19999999999999,4207.5,1683.0,1496.0,18.7,63224.7,1350.0,540.0,480.0,6.0,20286.0,20250.0,18000.0,225.0,760725.0,7200.0,90.0,304290.0,80.0,270480.0,3381.0
276,20.0,13.5,8.0,262.0,110.0,75.0,1.0,3221.0,108.0,3537.0,1485.0,1012.5,13.5,43483.5,2096.0,880.0,600.0,8.0,25768.0,28820.0,19650.0,262.0,843902.0,8250.0,110.0,354310.0,75.0,241575.0,3221.0
277,34.7,14.9,4.0,105.0,63.0,81.0,1.0,2215.0,59.6,1564.5,938.7,1206.9,14.9,33003.5,420.0,252.0,324.0,4.0,8860.0,6615.0,8505.0,105.0,232575.0,5103.0,63.0,139545.0,81.0,179415.0,2215.0
278,10.0,15.0,8.0,307.0,200.0,70.0,1.0,4376.0,120.0,4605.0,3000.0,1050.0,15.0,65640.0,2456.0,1600.0,560.0,8.0,35008.0,61400.0,21490.0,307.0,1343432.0,14000.0,200.0,875200.0,70.0,306320.0,4376.0
279,24.0,13.5,4.0,134.0,96.0,75.0,3.0,2702.0,54.0,1809.0,1296.0,1012.5,40.5,36477.0,536.0,384.0,300.0,12.0,10808.0,12864.0,10050.0,402.0,362068.0,7200.0,288.0,259392.0,225.0,202650.0,8106.0
283,34.2,13.2,4.0,105.0,70.0,79.0,1.0,2200.0,52.8,1386.0,924.0,1042.8,13.2,29040.0,420.0,280.0,316.0,4.0,8800.0,7350.0,8295.0,105.0,231000.0,5530.0,70.0,154000.0,79.0,173800.0,2200.0
285,26.0,20.5,4.0,97.0,46.0,70.0,2.0,1835.0,82.0,1988.5,943.0,1435.0,41.0,37617.5,388.0,184.0,280.0,8.0,7340.0,4462.0,6790.0,194.0,177995.0,3220.0,92.0,84410.0,140.0,128450.0,3670.0
288,40.9,17.3,4.0,85.0,93.5,80.0,2.0,1835.0,69.2,1470.5,1617.55,1384.0,34.6,31745.5,340.0,374.0,320.0,8.0,7340.0,7947.5,6800.0,170.0,155975.0,7480.0,187.0,171572.5,160.0,146800.0,3670.0
290,28.0,16.5,4.0,151.0,90.0,80.0,1.0,2678.0,66.0,2491.5,1485.0,1320.0,16.5,44187.0,604.0,360.0,320.0,4.0,10712.0,13590.0,12080.0,151.0,404378.0,7200.0,90.0,241020.0,80.0,214240.0,2678.0
291,21.0,15.0,6.0,231.0,110.0,75.0,1.0,3039.0,90.0,3465.0,1650.0,1125.0,15.0,45585.0,1386.0,660.0,450.0,6.0,18234.0,25410.0,17325.0,231.0,702009.0,8250.0,110.0,334290.0,75.0,227925.0,3039.0
292,17.5,13.7,8.0,318.0,140.0,78.0,1.0,4080.0,109.6,4356.599999999999,1918.0,1068.6,13.7,55896.0,2544.0,1120.0,624.0,8.0,32640.0,44520.0,24804.0,318.0,1297440.0,10920.0,140.0,571200.0,78.0,318240.0,4080.0
297,22.0,15.4,6.0,225.0,100.0,76.0,1.0,3233.0,92.4,3465.0,1540.0,1170.4,15.4,49788.200000000004,1350.0,600.0,456.0,6.0,19398.0,22500.0,17100.0,225.0,727425.0,7600.0,100.0,323300.0,76.0,245708.0,3233.0
300,18.0,15.0,6.0,232.0,100.0,73.0,1.0,2789.0,90.0,3480.0,1500.0,1095.0,15.0,41835.0,1392.0,600.0,438.0,6.0,16734.0,23200.0,16936.0,232.0,647048.0,7300.0,100.0,278900.0,73.0,203597.0,2789.0
301,14.0,13.5,8.0,351.0,153.0,71.0,1.0,4154.0,108.0,4738.5,2065.5,958.5,13.5,56079.0,2808.0,1224.0,568.0,8.0,33232.0,53703.0,24921.0,351.0,1458054.0,10863.0,153.0,635562.0,71.0,294934.0,4154.0
305,25.5,15.8,4.0,140.0,89.0,77.0,1.0,2755.0,63.2,2212.0,1406.2,1216.6000000000001,15.8,43529.0,560.0,356.0,308.0,4.0,11020.0,12460.0,10780.0,140.0,385700.0,6853.0,89.0,245195.0,77.0,212135.0,2755.0
306,13.0,13.5,8.0,350.0,155.0,72.0,1.0,4502.0,108.0,4725.0,2092.5,972.0,13.5,60777.0,2800.0,1240.0,576.0,8.0,36016.0,54250.0,25200.0,350.0,1575700.0,11160.0,155.0,697810.0,72.0,324144.0,4502.0
307,28.0,17.0,4.0,97.0,92.0,72.0,3.0,2288.0,68.0,1649.0,1564.0,1224.0,51.0,38896.0,388.0,368.0,288.0,12.0,9152.0,8924.0,6984.0,291.0,221936.0,6624.0,276.0,210496.0,216.0,164736.0,6864.0
311,31.0,19.0,4.0,71.0,65.0,71.0,3.0,1773.0,76.0,1349.0,1235.0,1349.0,57.0,33687.0,284.0,260.0,284.0,12.0,7092.0,4615.0,5041.0,213.0,125883.0,4615.0,195.0,115245.0,213.0,125883.0,5319.0
313,22.4,15.8,6.0,231.0,110.0,81.0,1.0,3415.0,94.80000000000001,3649.8,1738.0,1279.8,15.8,53957.0,1386.0,660.0,486.0,6.0,20490.0,25410.0,18711.0,231.0,788865.0,8910.0,110.0,375650.0,81.0,276615.0,3415.0
314,23.9,14.9,4.0,119.0,97.0,78.0,3.0,2405.0,59.6,1773.1000000000001,1445.3,1162.2,44.7,35834.5,476.0,388.0,312.0,12.0,9620.0,11543.0,9282.0,357.0,286195.0,7566.0,291.0,233285.0,234.0,187590.0,7215.0
315,32.0,19.0,4.0,83.0,61.0,74.0,3.0,2003.0,76.0,1577.0,1159.0,1406.0,57.0,38057.0,332.0,244.0,296.0,12.0,8012.0,5063.0,6142.0,249.0,166249.0,4514.0,183.0,122183.0,222.0,148222.0,6009.0
316,18.0,14.5,6.0,250.0,88.0,71.0,1.0,3139.0,87.0,3625.0,1276.0,1029.5,14.5,45515.5,1500.0,528.0,426.0,6.0,18834.0,22000.0,17750.0,250.0,784750.0,6248.0,88.0,276232.0,71.0,222869.0,3139.0
318,32.0,11.6,4.0,135.0,84.0,82.0,1.0,2295.0,46.4,1566.0,974.4,951.1999999999999,11.6,26622.0,540.0,336.0,328.0,4.0,9180.0,11340.0,11070.0,135.0,309825.0,6888.0,84.0,192780.0,82.0,188190.0,2295.0
321,32.0,13.9,4.0,144.0,96.0,82.0,3.0,2665.0,55.6,2001.6000000000001,1334.4,1139.8,41.7,37043.5,576.0,384.0,328.0,12.0,10660.0,13824.0,11808.0,432.0,383760.0,7872.0,288.0,255840.0,246.0,218530.0,7995.0
323,20.0,16.0,6.0,232.0,100.0,75.0,1.0,2914.0,96.0,3712.0,1600.0,1200.0,16.0,46624.0,1392.0,600.0,450.0,6.0,17484.0,23200.0,17400.0,232.0,676048.0,7500.0,100.0,291400.0,75.0,218550.0,2914.0
325,12.0,11.5,8.0,383.0,180.0,71.0,1.0,4955.0,92.0,4404.5,2070.0,816.5,11.5,56982.5,3064.0,1440.0,568.0,8.0,39640.0,68940.0,27193.0,383.0,1897765.0,12780.0,180.0,891900.0,71.0,351805.0,4955.0
329,18.6,18.7,6.0,225.0,110.0,78.0,1.0,3620.0,112.19999999999999,4207.5,2057.0,1458.6,18.7,67694.0,1350.0,660.0,468.0,6.0,21720.0,24750.0,17550.0,225.0,814500.0,8580.0,110.0,398200.0,78.0,282360.0,3620.0
333,13.0,15.0,8.0,302.0,130.0,76.0,1.0,3870.0,120.0,4530.0,1950.0,1140.0,15.0,58050.0,2416.0,1040.0,608.0,8.0,30960.0,39260.0,22952.0,302.0,1168740.0,9880.0,130.0,503100.0,76.0,294120.0,3870.0
335,26.5,13.6,4.0,140.0,72.0,76.0,1.0,2565.0,54.4,1904.0,979.1999999999999,1033.6,13.6,34884.0,560.0,288.0,304.0,4.0,10260.0,10080.0,10640.0,140.0,359100.0,5472.0,72.0,184680.0,76.0,194940.0,2565.0
336,25.0,17.5,4.0,104.0,95.0,70.0,2.0,2375.0,70.0,1820.0,1662.5,1225.0,35.0,41562.5,416.0,380.0,280.0,8.0,9500.0,9880.0,7280.0,208.0,247000.0,6650.0,190.0,225625.0,140.0,166250.0,4750.0
337,28.0,15.5,4.0,140.0,90.0,71.0,1.0,2264.0,62.0,2170.0,1395.0,1100.5,15.5,35092.0,560.0,360.0,284.0,4.0,9056.0,12600.0,9940.0,140.0,316960.0,6390.0,90.0,203760.0,71.0,160744.0,2264.0
338,29.5,16.6,4.0,98.0,68.0,78.0,3.0,2135.0,66.4,1626.8000000000002,1128.8000000000002,1294.8000000000002,49.800000000000004,35441.0,392.0,272.0,312.0,12.0,8540.0,6664.0,7644.0,294.0,209230.0,5304.0,204.0,145180.0,234.0,166530.0,6405.0
339,14.0,8.5,8.0,440.0,215.0,70.0,1.0,4312.0,68.0,3740.0,1827.5,595.0,8.5,36652.0,3520.0,1720.0,560.0,8.0,34496.0,94600.0,30800.0,440.0,1897280.0,15050.0,215.0,927080.0,70.0,301840.0,4312.0
340,21.5,13.5,3.0,80.0,110.0,77.0,3.0,2720.0,40.5,1080.0,1485.0,1039.5,40.5,36720.0,240.0,330.0,231.0,9.0,8160.0,8800.0,6160.0,240.0,217600.0,8470.0,330.0,299200.0,231.0,209440.0,8160.0
343,32.8,19.4,4.0,78.0,52.0,78.0,3.0,1985.0,77.6,1513.1999999999998,1008.8,1513.1999999999998,58.199999999999996,38509.0,312.0,208.0,312.0,12.0,7940.0,4056.0,6084.0,234.0,154830.0,4056.0,156.0,103220.0,234.0,154830.0,5955.0
344,33.7,14.4,4.0,107.0,75.0,81.0,3.0,2210.0,57.6,1540.8,1080.0,1166.4,43.2,31824.0,428.0,300.0,324.0,12.0,8840.0,8025.0,8667.0,321.0,236470.0,6075.0,225.0,165750.0,243.0,179010.0,6630.0
345,15.0,8.5,8.0,390.0,190.0,70.0,1.0,3850.0,68.0,3315.0,1615.0,595.0,8.5,32725.0,3120.0,1520.0,560.0,8.0,30800.0,74100.0,27300.0,390.0,1501500.0,13300.0,190.0,731500.0,70.0,269500.0,3850.0
349,25.0,19.0,4.0,98.0,93.5,71.0,1.0,2046.0,76.0,1862.0,1776.5,1349.0,19.0,38874.0,392.0,374.0,284.0,4.0,8184.0,9163.0,6958.0,98.0,200508.0,6638.5,93.5,191301.0,71.0,145266.0,2046.0
351,29.8,15.5,4.0,134.0,90.0,80.0,3.0,2711.0,62.0,2077.0,1395.0,1240.0,46.5,42020.5,536.0,360.0,320.0,12.0,10844.0,12060.0,10720.0,402.0,363274.0,7200.0,270.0,243990.0,240.0,216880.0,8133.0
353,23.9,22.2,8.0,260.0,90.0,79.0,1.0,3420.0,177.6,5772.0,1998.0,1753.8,22.2,75924.0,2080.0,720.0,632.0,8.0,27360.0,23400.0,20540.0,260.0,889200.0,7110.0,90.0,307800.0,79.0,270180.0,3420.0
354,19.4,13.2,8.0,318.0,140.0,78.0,1.0,3735.0,105.6,4197.599999999999,1848.0,1029.6,13.2,49302.0,2544.0,1120.0,624.0,8.0,29880.0,44520.0,24804.0,318.0,1187730.0,10920.0,140.0,522900.0,78.0,291330.0,3735.0
355,25.1,15.4,4.0,140.0,88.0,78.0,1.0,2720.0,61.6,2156.0,1355.2,1201.2,15.4,41888.0,560.0,352.0,312.0,4.0,10880.0,12320.0,10920.0,140.0,380800.0,6864.0,88.0,239360.0,78.0,212160.0,2720.0
359,35.0,18.0,4.0,72.0,69.0,71.0,3.0,1613.0,72.0,1296.0,1242.0,1278.0,54.0,29034.0,288.0,276.0,284.0,12.0,6452.0,4968.0,5112.0,216.0,116136.0,4899.0,207.0,111297.0,213.0,114523.0,4839.0
360,21.5,15.4,6.0,231.0,115.0,79.0,1.0,3245.0,92.4,3557.4,1771.0,1216.6000000000001,15.4,49973.0,1386.0,690.0,474.0,6.0,19470.0,26565.0,18249.0,231.0,749595.0,9085.0,115.0,373175.0,79.0,256355.0,3245.0
364,17.5,12.5,8.0,305.0,145.0,77.0,1.0,3880.0,100.0,3812.5,1812.5,962.5,12.5,48500.0,2440.0,1160.0,616.0,8.0,31040.0,44225.0,23485.0,305.0,1183400.0,11165.0,145.0,562600.0,77.0,298760.0,3880.0
366,17.7,13.4,6.0,231.0,165.0,78.0,1.0,3445.0,80.4,3095.4,2211.0,1045.2,13.4,46163.0,1386.0,990.0,468.0,6.0,20670.0,38115.0,18018.0,231.0,795795.0,12870.0,165.0,568425.0,78.0,268710.0,3445.0
367,11.0,14.0,8.0,400.0,150.0,73.0,1.0,4997.0,112.0,5600.0,2100.0,1022.0,14.0,69958.0,3200.0,1200.0,584.0,8.0,39976.0,60000.0,29200.0,400.0,1998800.0,10950.0,150.0,749550.0,73.0,364781.0,4997.0
368,18.0,15.5,6.0,232.0,100.0,71.0,1.0,3288.0,93.0,3596.0,1550.0,1100.5,15.5,50964.0,1392.0,600.0,426.0,6.0,19728.0,23200.0,16472.0,232.0,762816.0,7100.0,100.0,328800.0,71.0,233448.0,3288.0
370,27.0,17.3,4.0,151.0,90.0,82.0,1.0,2950.0,69.2,2612.3,1557.0,1418.6000000000001,17.3,51035.0,604.0,360.0,328.0,4.0,11800.0,13590.0,12382.0,151.0,445450.0,7380.0,90.0,265500.0,82.0,241900.0,2950.0
373,15.0,13.5,8.0,318.0,150.0,72.0,1.0,4135.0,108.0,4293.0,2025.0,972.0,13.5,55822.5,2544.0,1200.0,576.0,8.0,33080.0,47700.0,22896.0,318.0,1314930.0,10800.0,150.0,620250.0,72.0,297720.0,4135.0
375,24.0,15.5,4.0,113.0,95.0,72.0,3.0,2278.0,62.0,1751.5,1472.5,1116.0,46.5,35309.0,452.0,380.0,288.0,12.0,9112.0,10735.0,8136.0,339.0,257414.0,6840.0,285.0,216410.0,216.0,164016.0,6834.0
377,36.0,15.3,4.0,105.0,74.0,82.0,2.0,1980.0,61.2,1606.5,1132.2,1254.6000000000001,30.6,30294.0,420.0,296.0,328.0,8.0,7920.0,7770.0,8610.0,210.0,207900.0,6068.0,148.0,146520.0,164.0,162360.0,3960.0
380,27.4,15.0,4.0,121.0,80.0,79.0,1.0,2670.0,60.0,1815.0,1200.0,1185.0,15.0,40050.0,484.0,320.0,316.0,4.0,10680.0,9680.0,9559.0,121.0,323070.0,6320.0,80.0,213600.0,79.0,210930.0,2670.0
381,18.0,15.5,6.0,199.0,97.0,70.0,1.0,2774.0,93.0,3084.5,1503.5,1085.0,15.5,42997.0,1194.0,582.0,420.0,6.0,16644.0,19303.0,13930.0,199.0,552026.0,6790.0,97.0,269078.0,70.0,194180.0,2774.0
382,13.0,12.0,8.0,400.0,150.0,73.0,1.0,4464.0,96.0,4800.0,1800.0,876.0,12.0,53568.0,3200.0,1200.0,584.0,8.0,35712.0,60000.0,29200.0,400.0,1785600.0,10950.0,150.0,669600.0,73.0,325872.0,4464.0
383,19.0,13.0,6.0,232.0,100.0,71.0,1.0,2634.0,78.0,3016.0,1300.0,923.0,13.0,34242.0,1392.0,600.0,426.0,6.0,15804.0,23200.0,16472.0,232.0,611088.0,7100.0,100.0,263400.0,71.0,187014.0,2634.0
384,40.8,19.2,4.0,85.0,65.0,80.0,3.0,2110.0,76.8,1632.0,1248.0,1536.0,57.599999999999994,40512.0,340.0,260.0,320.0,12.0,8440.0,5525.0,6800.0,255.0,179350.0,5200.0,195.0,137150.0,240.0,168800.0,6330.0
385,20.2,12.8,8.0,302.0,139.0,78.0,1.0,3570.0,102.4,3865.6000000000004,1779.2,998.4000000000001,12.8,45696.0,2416.0,1112.0,624.0,8.0,28560.0,41978.0,23556.0,302.0,1078140.0,10842.0,139.0,496230.0,78.0,278460.0,3570.0
387,16.0,12.0,8.0,304.0,150.0,70.0,1.0,3433.0,96.0,3648.0,1800.0,840.0,12.0,41196.0,2432.0,1200.0,560.0,8.0,27464.0,45600.0,21280.0,304.0,1043632.0,10500.0,150.0,514950.0,70.0,240310.0,3433.0
395,43.4,23.7,4.0,90.0,48.0,80.0,2.0,2335.0,94.8,2133.0,1137.6,1896.0,47.4,55339.5,360.0,192.0,320.0,8.0,9340.0,4320.0,7200.0,180.0,210150.0,3840.0,96.0,112080.0,160.0,186800.0,4670.0
396,26.0,15.5,4.0,98.0,90.0,73.0,2.0,2265.0,62.0,1519.0,1395.0,1131.5,31.0,35107.5,392.0,360.0,292.0,8.0,9060.0,8820.0,7154.0,196.0,221970.0,6570.0,180.0,203850.0,146.0,165345.0,4530.0
1,,19.6,6.0,145.0,76.0,81.0,2.0,3160.0,117.60000000000001,2842.0,1489.6000000000001,1587.6000000000001,39.2,61936.00000000001,870.0,456.0,486.0,12.0,18960.0,11020.0,11745.0,290.0,458200.0,6156.0,152.0,240160.0,162.0,255960.0,6320.0
2,,19.0,6.0,250.0,98.0,77.0,1.0,3525.0,114.0,4750.0,1862.0,1463.0,19.0,66975.0,1500.0,588.0,462.0,6.0,21150.0,24500.0,19250.0,250.0,881250.0,7546.0,98.0,345450.0,77.0,271425.0,3525.0
4,,15.0,4.0,119.0,92.0,80.0,3.0,2434.0,60.0,1785.0,1380.0,1200.0,45.0,36510.0,476.0,368.0,320.0,12.0,9736.0,10948.0,9520.0,357.0,289646.0,7360.0,276.0,223928.0,240.0,194720.0,7302.0
5,,13.5,6.0,258.0,110.0,71.0,1.0,2962.0,81.0,3483.0,1485.0,958.5,13.5,39987.0,1548.0,660.0,426.0,6.0,17772.0,28380.0,18318.0,258.0,764196.0,7810.0,110.0,325820.0,71.0,210302.0,2962.0
6,,16.5,4.0,97.0,88.0,72.0,3.0,2100.0,66.0,1600.5,1452.0,1188.0,49.5,34650.0,388.0,352.0,288.0,12.0,8400.0,8536.0,6984.0,291.0,203700.0,6336.0,264.0,184800.0,216.0,151200.0,6300.0
7,,14.5,4.0,107.0,90.0,70.0,2.0,2430.0,58.0,1551.5,1305.0,1015.0,29.0,35235.0,428.0,360.0,280.0,8.0,9720.0,9630.0,7490.0,214.0,260010.0,6300.0,180.0,218700.0,140.0,170100.0,4860.0
8,,13.0,8.0,318.0,150.0,76.0,1.0,4190.0,104.0,4134.0,1950.0,988.0,13.0,54470.0,2544.0,1200.0,608.0,8.0,33520.0,47700.0,24168.0,318.0,1332420.0,11400.0,150.0,628500.0,76.0,318440.0,4190.0
10,,16.9,6.0,231.0,105.0,77.0,1.0,3425.0,101.39999999999999,3903.8999999999996,1774.4999999999998,1301.3,16.9,57882.49999999999,1386.0,630.0,462.0,6.0,20550.0,24255.0,17787.0,231.0,791175.0,8085.0,105.0,359625.0,77.0,263725.0,3425.0
12,,16.0,4.0,151.0,88.0,77.0,1.0,2740.0,64.0,2416.0,1408.0,1232.0,16.0,43840.0,604.0,352.0,308.0,4.0,10960.0,13288.0,11627.0,151.0,413740.0,6776.0,88.0,241120.0,77.0,210980.0,2740.0
14,,17.2,6.0,232.0,90.0,78.0,1.0,3210.0,103.19999999999999,3990.3999999999996,1548.0,1341.6,17.2,55212.0,1392.0,540.0,468.0,6.0,19260.0,20880.0,18096.0,232.0,744720.0,7020.0,90.0,288900.0,78.0,250380.0,3210.0
15,,12.5,8.0,400.0,190.0,72.0,1.0,4422.0,100.0,5000.0,2375.0,900.0,12.5,55275.0,3200.0,1520.0,576.0,8.0,35376.0,76000.0,28800.0,400.0,1768800.0,13680.0,190.0,840180.0,72.0,318384.0,4422.0
17,,18.2,4.0,97.0,75.0,77.0,3.0,2265.0,72.8,1765.3999999999999,1365.0,1401.3999999999999,54.599999999999994,41223.0,388.0,300.0,308.0,12.0,9060.0,7275.0,7469.0,291.0,219705.0,5775.0,225.0,169875.0,231.0,174405.0,6795.0
20,,12.0,8.0,400.0,175.0,72.0,1.0,4385.0,96.0,4800.0,2100.0,864.0,12.0,52620.0,3200.0,1400.0,576.0,8.0,35080.0,70000.0,28800.0,400.0,1754000.0,12600.0,175.0,767375.0,72.0,315720.0,4385.0
21,,15.2,4.0,108.0,75.0,80.0,3.0,2265.0,60.8,1641.6,1140.0,1216.0,45.599999999999994,34428.0,432.0,300.0,320.0,12.0,9060.0,8100.0,8640.0,324.0,244620.0,6000.0,225.0,169875.0,240.0,181200.0,6795.0
22,,20.7,4.0,98.0,65.0,81.0,1.0,2380.0,82.8,2028.6,1345.5,1676.7,20.7,49266.0,392.0,260.0,324.0,4.0,9520.0,6370.0,7938.0,98.0,233240.0,5265.0,65.0,154700.0,81.0,192780.0,2380.0
26,,14.0,8.0,318.0,150.0,76.0,1.0,3755.0,112.0,4452.0,2100.0,1064.0,14.0,52570.0,2544.0,1200.0,608.0,8.0,30040.0,47700.0,24168.0,318.0,1194090.0,11400.0,150.0,563250.0,76.0,285380.0,3755.0
27,,17.5,4.0,110.0,87.0,70.0,2.0,2672.0,70.0,1925.0,1522.5,1225.0,35.0,46760.0,440.0,348.0,280.0,8.0,10688.0,9570.0,7700.0,220.0,293920.0,6090.0,174.0,232464.0,140.0,187040.0,5344.0
29,,20.1,5.0,183.0,77.0,79.0,2.0,3530.0,100.5,3678.3,1547.7,1587.9,40.2,70953.0,915.0,385.0,395.0,10.0,17650.0,14091.0,14457.0,366.0,645990.0,6083.0,154.0,271810.0,158.0,278870.0,7060.0
30,,16.0,8.0,302.0,140.0,72.0,1.0,4294.0,128.0,4832.0,2240.0,1152.0,16.0,68704.0,2416.0,1120.0,576.0,8.0,34352.0,42280.0,21744.0,302.0,1296788.0,10080.0,140.0,601160.0,72.0,309168.0,4294.0
33,,19.0,4.0,79.0,67.0,74.0,3.0,1950.0,76.0,1501.0,1273.0,1406.0,57.0,37050.0,316.0,268.0,296.0,12.0,7800.0,5293.0,5846.0,237.0,154050.0,4958.0,201.0,130650.0,222.0,144300.0,5850.0
34,,15.5,4.0,116.0,75.0,73.0,2.0,2158.0,62.0,1798.0,1162.5,1131.5,31.0,33449.0,464.0,300.0,292.0,8.0,8632.0,8700.0,8468.0,232.0,250328.0,5475.0,150.0,161850.0,146.0,157534.0,4316.0
37,,21.7,4.0,90.0,48.0,80.0,2.0,2085.0,86.8,1953.0,1041.6,1736.0,43.4,45244.5,360.0,192.0,320.0,8.0,8340.0,4320.0,7200.0,180.0,187650.0,3840.0,96.0,100080.0,160.0,166800.0,4170.0
45,,11.0,8.0,318.0,150.0,73.0,1.0,3399.0,88.0,3498.0,1650.0,803.0,11.0,37389.0,2544.0,1200.0,584.0,8.0,27192.0,47700.0,23214.0,318.0,1080882.0,10950.0,150.0,509850.0,73.0,248127.0,3399.0
46,,12.0,8.0,400.0,170.0,71.0,1.0,4746.0,96.0,4800.0,2040.0,852.0,12.0,56952.0,3200.0,1360.0,568.0,8.0,37968.0,68000.0,28400.0,400.0,1898400.0,12070.0,170.0,806820.0,71.0,336966.0,4746.0
49,,14.9,8.0,350.0,155.0,79.0,1.0,4360.0,119.2,5215.0,2309.5,1177.1000000000001,14.9,64964.0,2800.0,1240.0,632.0,8.0,34880.0,54250.0,27650.0,350.0,1526000.0,12245.0,155.0,675800.0,79.0,344440.0,4360.0
51,,11.5,8.0,400.0,175.0,71.0,1.0,4464.0,92.0,4600.0,2012.5,816.5,11.5,51336.0,3200.0,1400.0,568.0,8.0,35712.0,70000.0,28400.0,400.0,1785600.0,12425.0,175.0,781200.0,71.0,316944.0,4464.0
52,,15.5,8.0,304.0,150.0,74.0,1.0,4257.0,124.0,4712.0,2325.0,1147.0,15.5,65983.5,2432.0,1200.0,592.0,8.0,34056.0,45600.0,22496.0,304.0,1294128.0,11100.0,150.0,638550.0,74.0,315018.0,4257.0
54,,15.0,6.0,199.0,90.0,70.0,1.0,2648.0,90.0,2985.0,1350.0,1050.0,15.0,39720.0,1194.0,540.0,420.0,6.0,15888.0,17910.0,13930.0,199.0,526952.0,6300.0,90.0,238320.0,70.0,185360.0,2648.0
55,,16.4,4.0,151.0,84.0,81.0,1.0,2635.0,65.6,2476.3999999999996,1377.6,1328.3999999999999,16.4,43213.99999999999,604.0,336.0,324.0,4.0,10540.0,12684.0,12231.0,151.0,397885.0,6804.0,84.0,221340.0,81.0,213435.0,2635.0
56,,14.0,4.0,90.0,70.0,75.0,2.0,1937.0,56.0,1260.0,980.0,1050.0,28.0,27118.0,360.0,280.0,300.0,8.0,7748.0,6300.0,6750.0,180.0,174330.0,5250.0,140.0,135590.0,150.0,145275.0,3874.0
59,,16.4,4.0,91.0,60.0,78.0,3.0,1800.0,65.6,1492.3999999999999,983.9999999999999,1279.1999999999998,49.199999999999996,29519.999999999996,364.0,240.0,312.0,12.0,7200.0,5460.0,7098.0,273.0,163800.0,4680.0,180.0,108000.0,234.0,140400.0,5400.0
60,,15.5,6.0,198.0,95.0,70.0,1.0,2833.0,93.0,3069.0,1472.5,1085.0,15.5,43911.5,1188.0,570.0,420.0,6.0,16998.0,18810.0,13860.0,198.0,560934.0,6650.0,95.0,269135.0,70.0,198310.0,2833.0
61,,15.0,4.0,91.0,67.0,82.0,3.0,1965.0,60.0,1365.0,1005.0,1230.0,45.0,29475.0,364.0,268.0,328.0,12.0,7860.0,6097.0,7462.0,273.0,178815.0,5494.0,201.0,131655.0,246.0,161130.0,5895.0
63,,11.0,8.0,440.0,215.0,73.0,1.0,4735.0,88.0,4840.0,2365.0,803.0,11.0,52085.0,3520.0,1720.0,584.0,8.0,37880.0,94600.0,32120.0,440.0,2083400.0,15695.0,215.0,1018025.0,73.0,345655.0,4735.0
64,,16.0,6.0,198.0,95.0,73.0,1.0,2904.0,96.0,3168.0,1520.0,1168.0,16.0,46464.0,1188.0,570.0,438.0,6.0,17424.0,18810.0,14454.0,198.0,574992.0,6935.0,95.0,275880.0,73.0,211992.0,2904.0
65,,18.6,4.0,112.0,88.0,82.0,1.0,2640.0,74.4,2083.2000000000003,1636.8000000000002,1525.2,18.6,49104.00000000001,448.0,352.0,328.0,4.0,10560.0,9856.0,9184.0,112.0,295680.0,7216.0,88.0,232320.0,82.0,216480.0,2640.0
66,,18.6,4.0,85.0,70.0,78.0,3.0,2070.0,74.4,1581.0000000000002,1302.0,1450.8000000000002,55.800000000000004,38502.0,340.0,280.0,312.0,12.0,8280.0,5950.0,6630.0,255.0,175950.0,5460.0,210.0,144900.0,234.0,161460.0,6210.0
68,,16.0,6.0,225.0,95.0,75.0,1.0,3264.0,96.0,3600.0,1520.0,1200.0,16.0,52224.0,1350.0,570.0,450.0,6.0,19584.0,21375.0,16875.0,225.0,734400.0,7125.0,95.0,310080.0,75.0,244800.0,3264.0
73,,13.2,4.0,151.0,90.0,79.0,1.0,2556.0,52.8,1993.1999999999998,1188.0,1042.8,13.2,33739.2,604.0,360.0,316.0,4.0,10224.0,13590.0,11929.0,151.0,385956.0,7110.0,90.0,230040.0,79.0,201924.0,2556.0
74,,24.6,4.0,97.0,52.0,82.0,2.0,2130.0,98.4,2386.2000000000003,1279.2,2017.2,49.2,52398.0,388.0,208.0,328.0,8.0,8520.0,5044.0,7954.0,194.0,206610.0,4264.0,104.0,110760.0,164.0,174660.0,4260.0
76,,12.5,8.0,350.0,180.0,73.0,1.0,4499.0,100.0,4375.0,2250.0,912.5,12.5,56237.5,2800.0,1440.0,584.0,8.0,35992.0,63000.0,25550.0,350.0,1574650.0,13140.0,180.0,809820.0,73.0,328427.0,4499.0
78,,12.2,4.0,97.0,71.0,76.0,2.0,1825.0,48.8,1183.3999999999999,866.1999999999999,927.1999999999999,24.4,22265.0,388.0,284.0,304.0,8.0,7300.0,6887.0,7372.0,194.0,177025.0,5396.0,142.0,129575.0,152.0,138700.0,3650.0
81,,21.9,4.0,120.0,88.0,76.0,2.0,3270.0,87.6,2628.0,1927.1999999999998,1664.3999999999999,43.8,71613.0,480.0,352.0,304.0,8.0,13080.0,10560.0,9120.0,240.0,392400.0,6688.0,176.0,287760.0,152.0,248520.0,6540.0
85,,19.5,4.0,68.0,49.0,73.0,2.0,1867.0,78.0,1326.0,955.5,1423.5,39.0,36406.5,272.0,196.0,292.0,8.0,7468.0,3332.0,4964.0,136.0,126956.0,3577.0,98.0,91483.0,146.0,136291.0,3734.0
89,,19.5,4.0,120.0,87.0,72.0,2.0,2979.0,78.0,2340.0,1696.5,1404.0,39.0,58090.5,480.0,348.0,288.0,8.0,11916.0,10440.0,8640.0,240.0,357480.0,6264.0,174.0,259173.0,144.0,214488.0,5958.0
90,,17.6,4.0,91.0,68.0,82.0,3.0,1970.0,70.4,1601.6000000000001,1196.8000000000002,1443.2,52.800000000000004,34672.0,364.0,272.0,328.0,12.0,7880.0,6188.0,7462.0,273.0,179270.0,5576.0,204.0,133960.0,246.0,161540.0,5910.0
92,,14.7,4.0,105.0,63.0,82.0,1.0,2125.0,58.8,1543.5,926.0999999999999,1205.3999999999999,14.7,31237.5,420.0,252.0,328.0,4.0,8500.0,6615.0,8610.0,105.0,223125.0,5166.0,63.0,133875.0,82.0,174250.0,2125.0
96,,16.5,6.0,198.0,95.0,74.0,1.0,3102.0,99.0,3267.0,1567.5,1221.0,16.5,51183.0,1188.0,570.0,444.0,6.0,18612.0,18810.0,14652.0,198.0,614196.0,7030.0,95.0,294690.0,74.0,229548.0,3102.0
97,,15.9,5.0,131.0,103.0,78.0,2.0,2830.0,79.5,2082.9,1637.7,1240.2,31.8,44997.0,655.0,515.0,390.0,10.0,14150.0,13493.0,10218.0,262.0,370730.0,8034.0,206.0,291490.0,156.0,220740.0,5660.0
100,,19.0,4.0,97.0,88.0,73.0,3.0,2279.0,76.0,1843.0,1672.0,1387.0,57.0,43301.0,388.0,352.0,292.0,12.0,9116.0,8536.0,7081.0,291.0,221063.0,6424.0,264.0,200552.0,219.0,166367.0,6837.0
101,,17.6,4.0,151.0,85.0,78.0,1.0,2855.0,70.4,2657.6000000000004,1496.0000000000002,1372.8000000000002,17.6,50248.00000000001,604.0,340.0,312.0,4.0,11420.0,12835.0,11778.0,151.0,431105.0,6630.0,85.0,242675.0,78.0,222690.0,2855.0
102,,14.0,4.0,113.0,95.0,71.0,3.0,2228.0,56.0,1582.0,1330.0,994.0,42.0,31192.0,452.0,380.0,284.0,12.0,8912.0,10735.0,8023.0,339.0,251764.0,6745.0,285.0,211660.0,213.0,158188.0,6684.0
103,,14.4,4.0,98.0,80.0,79.0,1.0,1915.0,57.6,1411.2,1152.0,1137.6000000000001,14.4,27576.0,392.0,320.0,316.0,4.0,7660.0,7840.0,7742.0,98.0,187670.0,6320.0,80.0,153200.0,79.0,151285.0,1915.0
106,,16.5,6.0,225.0,105.0,73.0,1.0,3121.0,99.0,3712.5,1732.5,1204.5,16.5,51496.5,1350.0,630.0,438.0,6.0,18726.0,23625.0,16425.0,225.0,702225.0,7665.0,105.0,327705.0,73.0,227833.0,3121.0
107,,16.4,4.0,140.0,92.0,82.0,1.0,2865.0,65.6,2296.0,1508.8,1344.8,16.4,46985.99999999999,560.0,368.0,328.0,4.0,11460.0,12880.0,11480.0,140.0,401100.0,7544.0,92.0,263580.0,82.0,234930.0,2865.0
108,,12.8,8.0,351.0,152.0,76.0,1.0,4215.0,102.4,4492.8,1945.6000000000001,972.8000000000001,12.8,53952.0,2808.0,1216.0,608.0,8.0,33720.0,53352.0,26676.0,351.0,1479465.0,11552.0,152.0,640680.0,76.0,320340.0,4215.0
112,,11.5,8.0,304.0,150.0,73.0,1.0,3672.0,92.0,3496.0,1725.0,839.5,11.5,42228.0,2432.0,1200.0,584.0,8.0,29376.0,45600.0,22192.0,304.0,1116288.0,10950.0,150.0,550800.0,73.0,268056.0,3672.0
113,,18.6,4.0,79.0,58.0,77.0,2.0,1825.0,74.4,1469.4,1078.8000000000002,1432.2,37.2,33945.0,316.0,232.0,308.0,8.0,7300.0,4582.0,6083.0,158.0,144175.0,4466.0,116.0,105850.0,154.0,140525.0,3650.0
114,,12.5,8.0,304.0,150.0,72.0,1.0,3892.0,100.0,3800.0,1875.0,900.0,12.5,48650.0,2432.0,1200.0,576.0,8.0,31136.0,45600.0,21888.0,304.0,1183168.0,10800.0,150.0,583800.0,72.0,280224.0,3892.0
116,,19.0,8.0,260.0,110.0,77.0,1.0,4060.0,152.0,4940.0,2090.0,1463.0,19.0,77140.0,2080.0,880.0,616.0,8.0,32480.0,28600.0,20020.0,260.0,1055600.0,8470.0,110.0,446600.0,77.0,312620.0,4060.0
120,,11.5,8.0,304.0,150.0,72.0,1.0,3672.0,92.0,3496.0,1725.0,828.0,11.5,42228.0,2432.0,1200.0,576.0,8.0,29376.0,45600.0,21888.0,304.0,1116288.0,10800.0,150.0,550800.0,72.0,264384.0,3672.0
122,,16.0,4.0,97.0,75.0,75.0,3.0,2171.0,64.0,1552.0,1200.0,1200.0,48.0,34736.0,388.0,300.0,300.0,12.0,8684.0,7275.0,7275.0,291.0,210587.0,5625.0,225.0,162825.0,225.0,162825.0,6513.0
124,,18.6,4.0,120.0,79.0,82.0,1.0,2625.0,74.4,2232.0,1469.4,1525.2,18.6,48825.00000000001,480.0,316.0,328.0,4.0,10500.0,9480.0,9840.0,120.0,315000.0,6478.0,79.0,207375.0,82.0,215250.0,2625.0
126,,10.5,8.0,302.0,140.0,70.0,1.0,3449.0,84.0,3171.0,1470.0,735.0,10.5,36214.5,2416.0,1120.0,560.0,8.0,27592.0,42280.0,21140.0,302.0,1041598.0,9800.0,140.0,482860.0,70.0,241430.0,3449.0
132,,17.3,4.0,140.0,88.0,79.0,1.0,2890.0,69.2,2422.0,1522.4,1366.7,17.3,49997.0,560.0,352.0,316.0,4.0,11560.0,12320.0,11060.0,140.0,404600.0,6952.0,88.0,254320.0,79.0,228310.0,2890.0
133,,14.5,8.0,318.0,150.0,73.0,1.0,4237.0,116.0,4611.0,2175.0,1058.5,14.5,61436.5,2544.0,1200.0,584.0,8.0,33896.0,47700.0,23214.0,318.0,1347366.0,10950.0,150.0,635550.0,73.0,309301.0,4237.0
134,,16.0,4.0,91.0,68.0,81.0,3.0,1985.0,64.0,1456.0,1088.0,1296.0,48.0,31760.0,364.0,272.0,324.0,12.0,7940.0,6188.0,7371.0,273.0,180635.0,5508.0,204.0,134980.0,243.0,160785.0,5955.0
135,,15.6,4.0,140.0,86.0,82.0,1.0,2790.0,62.4,2184.0,1341.6,1279.2,15.6,43524.0,560.0,344.0,328.0,4.0,11160.0,12040.0,11480.0,140.0,390600.0,7052.0,86.0,239940.0,82.0,228780.0,2790.0
136,,21.0,6.0,250.0,78.0,76.0,1.0,3574.0,126.0,5250.0,1638.0,1596.0,21.0,75054.0,1500.0,468.0,456.0,6.0,21444.0,19500.0,19000.0,250.0,893500.0,5928.0,78.0,278772.0,76.0,271624.0,3574.0
137,,9.5,8.0,400.0,150.0,70.0,1.0,3761.0,76.0,3800.0,1425.0,665.0,9.5,35729.5,3200.0,1200.0,560.0,8.0,30088.0,60000.0,28000.0,400.0,1504400.0,10500.0,150.0,564150.0,70.0,263270.0,3761.0
138,,17.0,6.0,200.0,93.5,74.0,1.0,2875.0,102.0,3400.0,1589.5,1258.0,17.0,48875.0,1200.0,561.0,444.0,6.0,17250.0,18700.0,14800.0,200.0,575000.0,6919.0,93.5,268812.5,74.0,212750.0,2875.0
140,,12.5,3.0,70.0,100.0,80.0,3.0,2420.0,37.5,875.0,1250.0,1000.0,37.5,30250.0,210.0,300.0,240.0,9.0,7260.0,7000.0,5600.0,210.0,169400.0,8000.0,300.0,242000.0,240.0,193600.0,7260.0
141,,16.8,4.0,108.0,75.0,81.0,3.0,2350.0,67.2,1814.4,1260.0,1360.8,50.400000000000006,39480.0,432.0,300.0,324.0,12.0,9400.0,8100.0,8748.0,324.0,253800.0,6075.0,225.0,176250.0,243.0,190350.0,7050.0
142,,14.0,8.0,360.0,215.0,70.0,1.0,4615.0,112.0,5040.0,3010.0,980.0,14.0,64610.0,2880.0,1720.0,560.0,8.0,36920.0,77400.0,25200.0,360.0,1661400.0,15050.0,215.0,992225.0,70.0,323050.0,4615.0
144,,14.7,4.0,91.0,69.0,79.0,2.0,2130.0,58.8,1337.7,1014.3,1161.3,29.4,31311.0,364.0,276.0,316.0,8.0,8520.0,6279.0,7189.0,182.0,193830.0,5451.0,138.0,146970.0,158.0,168270.0,4260.0
145,,13.5,3.0,70.0,90.0,73.0,3.0,2124.0,40.5,945.0,1215.0,985.5,40.5,28674.0,210.0,270.0,219.0,9.0,6372.0,6300.0,5110.0,210.0,148680.0,6570.0,270.0,191160.0,219.0,155052.0,6372.0
146,,16.5,6.0,250.0,88.0,73.0,1.0,3021.0,99.0,4125.0,1452.0,1204.5,16.5,49846.5,1500.0,528.0,438.0,6.0,18126.0,22000.0,18250.0,250.0,755250.0,6424.0,88.0,265848.0,73.0,220533.0,3021.0
150,,13.0,8.0,350.0,145.0,73.0,1.0,3988.0,104.0,4550.0,1885.0,949.0,13.0,51844.0,2800.0,1160.0,584.0,8.0,31904.0,50750.0,25550.0,350.0,1395800.0,10585.0,145.0,578260.0,73.0,291124.0,3988.0
153,,9.5,8.0,400.0,230.0,73.0,1.0,4278.0,76.0,3800.0,2185.0,693.5,9.5,40641.0,3200.0,1840.0,584.0,8.0,34224.0,92000.0,29200.0,400.0,1711200.0,16790.0,230.0,983940.0,73.0,312294.0,4278.0
154,,15.0,8.0,267.0,125.0,79.0,1.0,3605.0,120.0,4005.0,1875.0,1185.0,15.0,54075.0,2136.0,1000.0,632.0,8.0,28840.0,33375.0,21093.0,267.0,962535.0,9875.0,125.0,450625.0,79.0,284795.0,3605.0
155,,16.4,4.0,97.0,67.0,77.0,3.0,1985.0,65.6,1590.8,1098.8,1262.8,49.199999999999996,32553.999999999996,388.0,268.0,308.0,12.0,7940.0,6499.0,7469.0,291.0,192545.0,5159.0,201.0,132995.0,231.0,152845.0,5955.0
156,,15.2,4.0,86.0,65.0,79.0,3.0,1975.0,60.8,1307.2,988.0,1200.8,45.599999999999994,30020.0,344.0,260.0,316.0,12.0,7900.0,5590.0,6794.0,258.0,169850.0,5135.0,195.0,128375.0,237.0,156025.0,5925.0
158,,16.7,4.0,156.0,105.0,78.0,1.0,2745.0,66.8,2605.2,1753.5,1302.6,16.7,45841.5,624.0,420.0,312.0,4.0,10980.0,16380.0,12168.0,156.0,428220.0,8190.0,105.0,288225.0,78.0,214110.0,2745.0
159,,11.3,6.0,173.0,115.0,79.0,1.0,2595.0,67.80000000000001,1954.9,1299.5,892.7,11.3,29323.500000000004,1038.0,690.0,474.0,6.0,15570.0,19895.0,13667.0,173.0,448935.0,9085.0,115.0,298425.0,79.0,205005.0,2595.0
162,,16.5,4.0,122.0,80.0,74.0,1.0,2451.0,66.0,2013.0,1320.0,1221.0,16.5,40441.5,488.0,320.0,296.0,4.0,9804.0,9760.0,9028.0,122.0,299022.0,5920.0,80.0,196080.0,74.0,181374.0,2451.0
164,,16.2,4.0,91.0,67.0,82.0,3.0,1995.0,64.8,1474.2,1085.3999999999999,1328.3999999999999,48.599999999999994,32319.0,364.0,268.0,328.0,12.0,7980.0,6097.0,7462.0,273.0,181545.0,5494.0,201.0,133665.0,246.0,163590.0,5985.0
167,,17.7,6.0,225.0,100.0,77.0,1.0,3630.0,106.19999999999999,3982.5,1770.0,1362.8999999999999,17.7,64251.0,1350.0,600.0,462.0,6.0,21780.0,22500.0,17325.0,225.0,816750.0,7700.0,100.0,363000.0,77.0,279510.0,3630.0
168,,17.4,8.0,350.0,125.0,79.0,1.0,3900.0,139.2,6089.999999999999,2175.0,1374.6,17.4,67860.0,2800.0,1000.0,632.0,8.0,31200.0,43750.0,27650.0,350.0,1365000.0,9875.0,125.0,487500.0,79.0,308100.0,3900.0
170,,13.0,8.0,318.0,150.0,71.0,1.0,4096.0,104.0,4134.0,1950.0,923.0,13.0,53248.0,2544.0,1200.0,568.0,8.0,32768.0,47700.0,22578.0,318.0,1302528.0,10650.0,150.0,614400.0,71.0,290816.0,4096.0
171,,14.0,8.0,307.0,130.0,72.0,1.0,4098.0,112.0,4298.0,1820.0,1008.0,14.0,57372.0,2456.0,1040.0,576.0,8.0,32784.0,39910.0,22104.0,307.0,1258086.0,9360.0,130.0,532740.0,72.0,295056.0,4098.0
173,,13.5,4.0,121.0,115.0,75.0,2.0,2671.0,54.0,1633.5,1552.5,1012.5,27.0,36058.5,484.0,460.0,300.0,8.0,10684.0,13915.0,9075.0,242.0,323191.0,8625.0,230.0,307165.0,150.0,200325.0,5342.0
175,,19.6,4.0,112.0,88.0,82.0,1.0,2605.0,78.4,2195.2000000000003,1724.8000000000002,1607.2,19.6,51058.00000000001,448.0,352.0,328.0,4.0,10420.0,9856.0,9184.0,112.0,291760.0,7216.0,88.0,229240.0,82.0,213610.0,2605.0
176,,14.5,8.0,318.0,150.0,75.0,1.0,4498.0,116.0,4611.0,2175.0,1087.5,14.5,65221.0,2544.0,1200.0,600.0,8.0,35984.0,47700.0,23850.0,318.0,1430364.0,11250.0,150.0,674700.0,75.0,337350.0,4498.0
179,,14.5,4.0,121.0,98.0,75.0,2.0,2945.0,58.0,1754.5,1421.0,1087.5,29.0,42702.5,484.0,392.0,300.0,8.0,11780.0,11858.0,9075.0,242.0,356345.0,7350.0,196.0,288610.0,150.0,220875.0,5890.0
181,,15.5,6.0,250.0,88.0,71.0,1.0,3302.0,93.0,3875.0,1364.0,1100.5,15.5,51181.0,1500.0,528.0,426.0,6.0,19812.0,22000.0,17750.0,250.0,825500.0,6248.0,88.0,290576.0,71.0,234442.0,3302.0
186,,11.5,8.0,400.0,170.0,75.0,1.0,4668.0,92.0,4600.0,1955.0,862.5,11.5,53682.0,3200.0,1360.0,600.0,8.0,37344.0,68000.0,30000.0,400.0,1867200.0,12750.0,170.0,793560.0,75.0,350100.0,4668.0
190,,14.5,4.0,107.0,75.0,82.0,3.0,2205.0,58.0,1551.5,1087.5,1189.0,43.5,31972.5,428.0,300.0,328.0,12.0,8820.0,8025.0,8774.0,321.0,235935.0,6150.0,225.0,165375.0,246.0,180810.0,6615.0
191,,17.0,4.0,97.5,80.0,72.0,1.0,2126.0,68.0,1657.5,1360.0,1224.0,17.0,36142.0,390.0,320.0,288.0,4.0,8504.0,7800.0,7020.0,97.5,207285.0,5760.0,80.0,170080.0,72.0,153072.0,2126.0
194,,11.5,8.0,429.0,198.0,73.0,1.0,4952.0,92.0,4933.5,2277.0,839.5,11.5,56948.0,3432.0,1584.0,584.0,8.0,39616.0,84942.0,31317.0,429.0,2124408.0,14454.0,198.0,980496.0,73.0,361496.0,4952.0
196,,16.5,4.0,108.0,94.0,73.0,3.0,2379.0,66.0,1782.0,1551.0,1204.5,49.5,39253.5,432.0,376.0,292.0,12.0,9516.0,10152.0,7884.0,324.0,256932.0,6862.0,282.0,223626.0,219.0,173667.0,7137.0
198,,22.2,4.0,85.0,52.0,76.0,1.0,2035.0,88.8,1887.0,1154.3999999999999,1687.2,22.2,45177.0,340.0,208.0,304.0,4.0,8140.0,4420.0,6460.0,85.0,172975.0,3952.0,52.0,105820.0,76.0,154660.0,2035.0
199,,15.0,4.0,98.0,80.0,72.0,1.0,2164.0,60.0,1470.0,1200.0,1080.0,15.0,32460.0,392.0,320.0,288.0,4.0,8656.0,7840.0,7056.0,98.0,212072.0,5760.0,80.0,173120.0,72.0,155808.0,2164.0
200,,16.4,6.0,250.0,110.0,77.0,1.0,3520.0,98.39999999999999,4100.0,1803.9999999999998,1262.8,16.4,57727.99999999999,1500.0,660.0,462.0,6.0,21120.0,27500.0,19250.0,250.0,880000.0,8470.0,110.0,387200.0,77.0,271040.0,3520.0
206,,18.0,6.0,258.0,110.0,74.0,1.0,3632.0,108.0,4644.0,1980.0,1332.0,18.0,65376.0,1548.0,660.0,444.0,6.0,21792.0,28380.0,19092.0,258.0,937056.0,8140.0,110.0,399520.0,74.0,268768.0,3632.0
210,,15.0,4.0,113.0,95.0,70.0,3.0,2372.0,60.0,1695.0,1425.0,1050.0,45.0,35580.0,452.0,380.0,280.0,12.0,9488.0,10735.0,7910.0,339.0,268036.0,6650.0,285.0,225340.0,210.0,166040.0,7116.0
212,,16.5,4.0,98.0,68.0,78.0,1.0,2155.0,66.0,1617.0,1122.0,1287.0,16.5,35557.5,392.0,272.0,312.0,4.0,8620.0,6664.0,7644.0,98.0,211190.0,5304.0,68.0,146540.0,78.0,168090.0,2155.0
214,,18.2,6.0,232.0,90.0,79.0,1.0,3265.0,109.19999999999999,4222.4,1638.0,1437.8,18.2,59423.0,1392.0,540.0,474.0,6.0,19590.0,20880.0,18328.0,232.0,757480.0,7110.0,90.0,293850.0,79.0,257935.0,3265.0
215,,13.0,8.0,305.0,140.0,76.0,1.0,4215.0,104.0,3965.0,1820.0,988.0,13.0,54795.0,2440.0,1120.0,608.0,8.0,33720.0,42700.0,23180.0,305.0,1285575.0,10640.0,140.0,590100.0,76.0,320340.0,4215.0
216,,15.5,6.0,225.0,105.0,71.0,1.0,3439.0,93.0,3487.5,1627.5,1100.5,15.5,53304.5,1350.0,630.0,426.0,6.0,20634.0,23625.0,15975.0,225.0,773775.0,7455.0,105.0,361095.0,71.0,244169.0,3439.0
218,,15.0,6.0,250.0,100.0,71.0,1.0,3282.0,90.0,3750.0,1500.0,1065.0,15.0,49230.0,1500.0,600.0,426.0,6.0,19692.0,25000.0,17750.0,250.0,820500.0,7100.0,100.0,328200.0,71.0,233022.0,3282.0
219,,13.0,8.0,351.0,153.0,72.0,1.0,4129.0,104.0,4563.0,1989.0,936.0,13.0,53677.0,2808.0,1224.0,576.0,8.0,33032.0,53703.0,25272.0,351.0,1449279.0,11016.0,153.0,631737.0,72.0,297288.0,4129.0
220,,16.5,4.0,122.0,86.0,72.0,1.0,2226.0,66.0,2013.0,1419.0,1188.0,16.5,36729.0,488.0,344.0,288.0,4.0,8904.0,10492.0,8784.0,122.0,271572.0,6192.0,86.0,191436.0,72.0,160272.0,2226.0
221,,14.3,4.0,140.0,93.5,80.0,1.0,2905.0,57.2,2002.0,1337.05,1144.0,14.3,41541.5,560.0,374.0,320.0,4.0,11620.0,13090.0,11200.0,140.0,406700.0,7480.0,93.5,271617.5,80.0,232400.0,2905.0
223,,16.5,4.0,98.0,83.0,74.0,2.0,2219.0,66.0,1617.0,1369.5,1221.0,33.0,36613.5,392.0,332.0,296.0,8.0,8876.0,8134.0,7252.0,196.0,217462.0,6142.0,166.0,184177.0,148.0,164206.0,4438.0
224,,11.0,8.0,429.0,208.0,72.0,1.0,4633.0,88.0,4719.0,2288.0,792.0,11.0,50963.0,3432.0,1664.0,576.0,8.0,37064.0,89232.0,30888.0,429.0,1987557.0,14976.0,208.0,963664.0,72.0,333576.0,4633.0
225,,21.0,4.0,97.0,46.0,73.0,2.0,1950.0,84.0,2037.0,966.0,1533.0,42.0,40950.0,388.0,184.0,292.0,8.0,7800.0,4462.0,7081.0,194.0,189150.0,3358.0,92.0,89700.0,146.0,142350.0,3900.0
229,,14.5,8.0,302.0,137.0,73.0,1.0,4042.0,116.0,4379.0,1986.5,1058.5,14.5,58609.0,2416.0,1096.0,584.0,8.0,32336.0,41374.0,22046.0,302.0,1220684.0,10001.0,137.0,553754.0,73.0,295066.0,4042.0
230,,14.0,8.0,350.0,145.0,75.0,1.0,4440.0,112.0,4900.0,2030.0,1050.0,14.0,62160.0,2800.0,1160.0,600.0,8.0,35520.0,50750.0,26250.0,350.0,1554000.0,10875.0,145.0,643800.0,75.0,333000.0,4440.0
231,,19.2,6.0,231.0,105.0,78.0,1.0,3535.0,115.19999999999999,4435.2,2016.0,1497.6,19.2,67872.0,1386.0,630.0,468.0,6.0,21210.0,24255.0,18018.0,231.0,816585.0,8190.0,105.0,371175.0,78.0,275730.0,3535.0
232,,15.5,8.0,260.0,110.0,78.0,1.0,3365.0,124.0,4030.0,1705.0,1209.0,15.5,52157.5,2080.0,880.0,624.0,8.0,26920.0,28600.0,20280.0,260.0,874900.0,8580.0,110.0,370150.0,78.0,262470.0,3365.0
233,,18.2,4.0,91.0,68.0,82.0,3.0,2025.0,72.8,1656.2,1237.6,1492.3999999999999,54.599999999999994,36855.0,364.0,272.0,328.0,12.0,8100.0,6188.0,7462.0,273.0,184275.0,5576.0,204.0,137700.0,246.0,166050.0,6075.0
235,,12.2,8.0,400.0,190.0,77.0,1.0,4325.0,97.6,4880.0,2318.0,939.4,12.2,52765.0,3200.0,1520.0,616.0,8.0,34600.0,76000.0,30800.0,400.0,1730000.0,14630.0,190.0,821750.0,77.0,333025.0,4325.0
236,,14.3,8.0,351.0,142.0,79.0,1.0,4054.0,114.4,5019.3,2030.6000000000001,1129.7,14.3,57972.200000000004,2808.0,1136.0,632.0,8.0,32432.0,49842.0,27729.0,351.0,1422954.0,11218.0,142.0,575668.0,79.0,320266.0,4054.0
238,,15.8,6.0,200.0,85.0,78.0,1.0,2965.0,94.80000000000001,3160.0,1343.0,1232.4,15.8,46847.0,1200.0,510.0,468.0,6.0,17790.0,17000.0,15600.0,200.0,593000.0,6630.0,85.0,252025.0,78.0,231270.0,2965.0
241,,13.0,8.0,360.0,150.0,79.0,1.0,3940.0,104.0,4680.0,1950.0,1027.0,13.0,51220.0,2880.0,1200.0,632.0,8.0,31520.0,54000.0,28440.0,360.0,1418400.0,11850.0,150.0,591000.0,79.0,311260.0,3940.0
245,,19.5,6.0,250.0,72.0,75.0,1.0,3158.0,117.0,4875.0,1404.0,1462.5,19.5,61581.0,1500.0,432.0,450.0,6.0,18948.0,18000.0,18750.0,250.0,789500.0,5400.0,72.0,227376.0,75.0,236850.0,3158.0
246,,15.7,4.0,130.0,102.0,76.0,2.0,3150.0,62.8,2041.0,1601.3999999999999,1193.2,31.4,49455.0,520.0,408.0,304.0,8.0,12600.0,13260.0,9880.0,260.0,409500.0,7752.0,204.0,321300.0,152.0,239400.0,6300.0
250,,17.6,6.0,200.0,81.0,76.0,1.0,3012.0,105.60000000000001,3520.0000000000005,1425.6000000000001,1337.6000000000001,17.6,53011.200000000004,1200.0,486.0,456.0,6.0,18072.0,16200.0,15200.0,200.0,602400.0,6156.0,81.0,243972.0,76.0,228912.0,3012.0
253,,12.0,8.0,350.0,145.0,76.0,1.0,4055.0,96.0,4200.0,1740.0,912.0,12.0,48660.0,2800.0,1160.0,608.0,8.0,32440.0,50750.0,26600.0,350.0,1419250.0,11020.0,145.0,587975.0,76.0,308180.0,4055.0
254,,17.8,4.0,97.0,67.0,81.0,3.0,2065.0,71.2,1726.6000000000001,1192.6000000000001,1441.8,53.400000000000006,36757.0,388.0,268.0,324.0,12.0,8260.0,6499.0,7857.0,291.0,200305.0,5427.0,201.0,138355.0,243.0,167265.0,6195.0
259,,14.4,4.0,98.0,66.0,78.0,1.0,1800.0,57.6,1411.2,950.4,1123.2,14.4,25920.0,392.0,264.0,312.0,4.0,7200.0,6468.0,7644.0,98.0,176400.0,5148.0,66.0,118800.0,78.0,140400.0,1800.0
260,,17.0,4.0,107.0,72.0,80.0,3.0,2290.0,68.0,1819.0,1224.0,1360.0,51.0,38930.0,428.0,288.0,320.0,12.0,9160.0,7704.0,8560.0,321.0,245030.0,5760.0,216.0,164880.0,240.0,183200.0,6870.0
261,,18.0,4.0,121.0,76.0,72.0,2.0,2511.0,72.0,2178.0,1368.0,1296.0,36.0,45198.0,484.0,304.0,288.0,8.0,10044.0,9196.0,8712.0,242.0,303831.0,5472.0,152.0,190836.0,144.0,180792.0,5022.0
263,,13.2,8.0,305.0,145.0,78.0,1.0,3425.0,105.6,4026.0,1914.0,1029.6,13.2,45210.0,2440.0,1160.0,624.0,8.0,27400.0,44225.0,23790.0,305.0,1044625.0,11310.0,145.0,496625.0,78.0,267150.0,3425.0
269,,11.5,8.0,350.0,165.0,70.0,1.0,3693.0,92.0,4025.0,1897.5,805.0,11.5,42469.5,2800.0,1320.0,560.0,8.0,29544.0,57750.0,24500.0,350.0,1292550.0,11550.0,165.0,609345.0,70.0,258510.0,3693.0
271,,16.6,6.0,225.0,85.0,81.0,1.0,3465.0,99.60000000000001,3735.0000000000005,1411.0000000000002,1344.6000000000001,16.6,57519.00000000001,1350.0,510.0,486.0,6.0,20790.0,19125.0,18225.0,225.0,779625.0,6885.0,85.0,294525.0,81.0,280665.0,3465.0
274,,13.6,6.0,163.0,125.0,78.0,2.0,3140.0,81.6,2216.7999999999997,1700.0,1060.8,27.2,42704.0,978.0,750.0,468.0,12.0,18840.0,20375.0,12714.0,326.0,511820.0,9750.0,250.0,392500.0,156.0,244920.0,6280.0
280,,24.8,4.0,141.0,71.0,79.0,2.0,3190.0,99.2,3496.8,1760.8,1959.2,49.6,79112.0,564.0,284.0,316.0,8.0,12760.0,10011.0,11139.0,282.0,449790.0,5609.0,142.0,226490.0,158.0,252010.0,6380.0
281,,14.5,4.0,120.0,88.0,82.0,3.0,2160.0,58.0,1740.0,1276.0,1189.0,43.5,31320.0,480.0,352.0,328.0,12.0,8640.0,10560.0,9840.0,360.0,259200.0,7216.0,264.0,190080.0,246.0,177120.0,6480.0
282,,20.1,4.0,151.0,90.0,80.0,1.0,3003.0,80.4,3035.1000000000004,1809.0000000000002,1608.0,20.1,60360.3,604.0,360.0,320.0,4.0,12012.0,13590.0,12080.0,151.0,453453.0,7200.0,90.0,270270.0,80.0,240240.0,3003.0
284,,16.4,4.0,97.0,75.0,76.0,3.0,2155.0,65.6,1590.8,1230.0,1246.3999999999999,49.199999999999996,35342.0,388.0,300.0,304.0,12.0,8620.0,7275.0,7372.0,291.0,209035.0,5700.0,225.0,161625.0,228.0,163780.0,6465.0
286,,13.0,8.0,360.0,170.0,73.0,1.0,4654.0,104.0,4680.0,2210.0,949.0,13.0,60502.0,2880.0,1360.0,584.0,8.0,37232.0,61200.0,26280.0,360.0,1675440.0,12410.0,170.0,791180.0,73.0,339742.0,4654.0
287,,14.5,4.0,156.0,92.0,82.0,1.0,2585.0,58.0,2262.0,1334.0,1189.0,14.5,37482.5,624.0,368.0,328.0,4.0,10340.0,14352.0,12792.0,156.0,403260.0,7544.0,92.0,237820.0,82.0,211970.0,2585.0
289,,8.0,8.0,340.0,160.0,70.0,1.0,3609.0,64.0,2720.0,1280.0,560.0,8.0,28872.0,2720.0,1280.0,560.0,8.0,28872.0,54400.0,23800.0,340.0,1227060.0,11200.0,160.0,577440.0,70.0,252630.0,3609.0
293,,14.5,8.0,350.0,150.0,74.0,1.0,4699.0,116.0,5075.0,2175.0,1073.0,14.5,68135.5,2800.0,1200.0,592.0,8.0,37592.0,52500.0,25900.0,350.0,1644650.0,11100.0,150.0,704850.0,74.0,347726.0,4699.0
294,,14.5,4.0,97.0,88.0,71.0,3.0,2130.0,58.0,1406.5,1276.0,1029.5,43.5,30885.0,388.0,352.0,284.0,12.0,8520.0,8536.0,6887.0,291.0,206610.0,6248.0,264.0,187440.0,213.0,151230.0,6390.0
295,,17.2,6.0,225.0,100.0,78.0,1.0,3430.0,103.19999999999999,3870.0,1720.0,1341.6,17.2,58996.0,1350.0,600.0,468.0,6.0,20580.0,22500.0,17550.0,225.0,771750.0,7800.0,100.0,343000.0,78.0,267540.0,3430.0
296,,15.9,4.0,98.0,83.0,77.0,1.0,2075.0,63.6,1558.2,1319.7,1224.3,15.9,32992.5,392.0,332.0,308.0,4.0,8300.0,8134.0,7546.0,98.0,203350.0,6391.0,83.0,172225.0,77.0,159775.0,2075.0
298,,14.0,4.0,116.0,75.0,74.0,2.0,2246.0,56.0,1624.0,1050.0,1036.0,28.0,31444.0,464.0,300.0,296.0,8.0,8984.0,8700.0,8584.0,232.0,260536.0,5550.0,150.0,168450.0,148.0,166204.0,4492.0
299,,17.0,6.0,250.0,100.0,74.0,1.0,3336.0,102.0,4250.0,1700.0,1258.0,17.0,56712.0,1500.0,600.0,444.0,6.0,20016.0,25000.0,18500.0,250.0,834000.0,7400.0,100.0,333600.0,74.0,246864.0,3336.0
302,,18.2,6.0,200.0,95.0,78.0,1.0,3155.0,109.19999999999999,3640.0,1729.0,1419.6,18.2,57421.0,1200.0,570.0,468.0,6.0,18930.0,19000.0,15600.0,200.0,631000.0,7410.0,95.0,299725.0,78.0,246090.0,3155.0
303,,10.0,8.0,455.0,225.0,70.0,1.0,3086.0,80.0,4550.0,2250.0,700.0,10.0,30860.0,3640.0,1800.0,560.0,8.0,24688.0,102375.0,31850.0,455.0,1404130.0,15750.0,225.0,694350.0,70.0,216020.0,3086.0
304,,17.0,4.0,119.0,97.0,75.0,3.0,2545.0,68.0,2023.0,1649.0,1275.0,51.0,43265.0,476.0,388.0,300.0,12.0,10180.0,11543.0,8925.0,357.0,302855.0,7275.0,291.0,246865.0,225.0,190875.0,7635.0
308,,12.9,6.0,173.0,115.0,79.0,1.0,2700.0,77.4,2231.7000000000003,1483.5,1019.1,12.9,34830.0,1038.0,690.0,474.0,6.0,16200.0,19895.0,13667.0,173.0,467100.0,9085.0,115.0,310500.0,79.0,213300.0,2700.0
309,,17.1,6.0,200.0,88.0,81.0,1.0,3060.0,102.60000000000001,3420.0000000000005,1504.8000000000002,1385.1000000000001,17.1,52326.00000000001,1200.0,528.0,486.0,6.0,18360.0,17600.0,16200.0,200.0,612000.0,7128.0,88.0,269280.0,81.0,247860.0,3060.0
310,,19.5,4.0,79.0,70.0,71.0,2.0,2074.0,78.0,1540.5,1365.0,1384.5,39.0,40443.0,316.0,280.0,284.0,8.0,8296.0,5530.0,5609.0,158.0,163846.0,4970.0,140.0,145180.0,142.0,147254.0,4148.0
312,,12.1,8.0,350.0,180.0,76.0,1.0,4380.0,96.8,4235.0,2178.0,919.6,12.1,52998.0,2800.0,1440.0,608.0,8.0,35040.0,63000.0,26600.0,350.0,1533000.0,13680.0,180.0,788400.0,76.0,332880.0,4380.0
317,,17.5,4.0,91.0,53.0,75.0,3.0,1795.0,70.0,1592.5,927.5,1312.5,52.5,31412.5,364.0,212.0,300.0,12.0,7180.0,4823.0,6825.0,273.0,163345.0,3975.0,159.0,95135.0,225.0,134625.0,5385.0
319,,13.9,8.0,304.0,120.0,76.0,1.0,3962.0,111.2,4225.6,1668.0,1056.4,13.9,55071.8,2432.0,960.0,608.0,8.0,31696.0,36480.0,23104.0,304.0,1204448.0,9120.0,120.0,475440.0,76.0,301112.0,3962.0
320,,12.5,8.0,400.0,167.0,73.0,1.0,4906.0,100.0,5000.0,2087.5,912.5,12.5,61325.0,3200.0,1336.0,584.0,8.0,39248.0,66800.0,29200.0,400.0,1962400.0,12191.0,167.0,819302.0,73.0,358138.0,4906.0
322,,15.7,4.0,91.0,67.0,82.0,3.0,1965.0,62.8,1428.7,1051.8999999999999,1287.3999999999999,47.099999999999994,30850.5,364.0,268.0,328.0,12.0,7860.0,6097.0,7462.0,273.0,178815.0,5494.0,201.0,131655.0,246.0,161130.0,5895.0
324,,16.0,6.0,200.0,85.0,70.0,1.0,2587.0,96.0,3200.0,1360.0,1120.0,16.0,41392.0,1200.0,510.0,420.0,6.0,15522.0,17000.0,14000.0,200.0,517400.0,5950.0,85.0,219895.0,70.0,181090.0,2587.0
326,,17.4,4.0,91.0,53.0,76.0,3.0,1795.0,69.6,1583.3999999999999,922.1999999999999,1322.3999999999999,52.199999999999996,31232.999999999996,364.0,212.0,304.0,12.0,7180.0,4823.0,6916.0,273.0,163345.0,4028.0,159.0,95135.0,228.0,136420.0,5385.0
327,,14.8,4.0,134.0,95.0,78.0,3.0,2515.0,59.2,1983.2,1406.0,1154.4,44.400000000000006,37222.0,536.0,380.0,312.0,12.0,10060.0,12730.0,10452.0,402.0,337010.0,7410.0,285.0,238925.0,234.0,196170.0,7545.0
328,,11.0,8.0,455.0,225.0,73.0,1.0,4951.0,88.0,5005.0,2475.0,803.0,11.0,54461.0,3640.0,1800.0,584.0,8.0,39608.0,102375.0,33215.0,455.0,2252705.0,16425.0,225.0,1113975.0,73.0,361423.0,4951.0
330,,16.5,6.0,225.0,105.0,74.0,1.0,3613.0,99.0,3712.5,1732.5,1221.0,16.5,59614.5,1350.0,630.0,444.0,6.0,21678.0,23625.0,16650.0,225.0,812925.0,7770.0,105.0,379365.0,74.0,267362.0,3613.0
331,,21.0,6.0,250.0,72.0,75.0,1.0,3432.0,126.0,5250.0,1512.0,1575.0,21.0,72072.0,1500.0,432.0,450.0,6.0,20592.0,18000.0,18750.0,250.0,858000.0,5400.0,72.0,247104.0,75.0,257400.0,3432.0
332,,17.0,4.0,140.0,75.0,74.0,1.0,2542.0,68.0,2380.0,1275.0,1258.0,17.0,43214.0,560.0,300.0,296.0,4.0,10168.0,10500.0,10360.0,140.0,355880.0,5550.0,75.0,190650.0,74.0,188108.0,2542.0
334,,14.5,6.0,171.0,97.0,75.0,1.0,2984.0,87.0,2479.5,1406.5,1087.5,14.5,43268.0,1026.0,582.0,450.0,6.0,17904.0,16587.0,12825.0,171.0,510264.0,7275.0,97.0,289448.0,75.0,223800.0,2984.0
341,,10.0,8.0,455.0,225.0,70.0,1.0,4425.0,80.0,4550.0,2250.0,700.0,10.0,44250.0,3640.0,1800.0,560.0,8.0,35400.0,102375.0,31850.0,455.0,2013375.0,15750.0,225.0,995625.0,70.0,309750.0,4425.0
342,,13.5,8.0,318.0,210.0,70.0,1.0,4382.0,108.0,4293.0,2835.0,945.0,13.5,59157.0,2544.0,1680.0,560.0,8.0,35056.0,66780.0,22260.0,318.0,1393476.0,14700.0,210.0,920220.0,70.0,306740.0,4382.0
346,,17.9,4.0,86.0,65.0,80.0,3.0,2110.0,71.6,1539.3999999999999,1163.5,1432.0,53.699999999999996,37769.0,344.0,260.0,320.0,12.0,8440.0,5590.0,6880.0,258.0,181460.0,5200.0,195.0,137150.0,240.0,168800.0,6330.0
347,,17.6,6.0,232.0,90.0,76.0,1.0,3085.0,105.60000000000001,4083.2000000000003,1584.0000000000002,1337.6000000000001,17.6,54296.00000000001,1392.0,540.0,456.0,6.0,18510.0,20880.0,17632.0,232.0,715720.0,6840.0,90.0,277650.0,76.0,234460.0,3085.0
348,,11.0,8.0,318.0,150.0,70.0,1.0,3436.0,88.0,3498.0,1650.0,770.0,11.0,37796.0,2544.0,1200.0,560.0,8.0,27488.0,47700.0,22260.0,318.0,1092648.0,10500.0,150.0,515400.0,70.0,240520.0,3436.0
350,,15.7,4.0,121.0,115.0,78.0,2.0,2795.0,62.8,1899.6999999999998,1805.5,1224.6,31.4,43881.5,484.0,460.0,312.0,8.0,11180.0,13915.0,9438.0,242.0,338195.0,8970.0,230.0,321425.0,156.0,218010.0,5590.0
352,,14.2,4.0,134.0,95.0,78.0,3.0,2560.0,56.8,1902.8,1349.0,1107.6,42.599999999999994,36352.0,536.0,380.0,312.0,12.0,10240.0,12730.0,10452.0,402.0,343040.0,7410.0,285.0,243200.0,234.0,199680.0,7680.0
356,,16.2,6.0,250.0,110.0,76.0,1.0,3645.0,97.19999999999999,4050.0,1782.0,1231.2,16.2,59049.0,1500.0,660.0,456.0,6.0,21870.0,27500.0,19000.0,250.0,911250.0,8360.0,110.0,400950.0,76.0,277020.0,3645.0
357,,15.3,4.0,101.0,83.0,76.0,2.0,2202.0,61.2,1545.3000000000002,1269.9,1162.8,30.6,33690.6,404.0,332.0,304.0,8.0,8808.0,8383.0,7676.0,202.0,222402.0,6308.0,166.0,182766.0,152.0,167352.0,4404.0
358,,18.3,4.0,120.0,74.0,81.0,3.0,2635.0,73.2,2196.0,1354.2,1482.3,54.900000000000006,48220.5,480.0,296.0,324.0,12.0,10540.0,8880.0,9720.0,360.0,316200.0,5994.0,222.0,194990.0,243.0,213435.0,7905.0
361,,13.0,8.0,350.0,175.0,73.0,1.0,4100.0,104.0,4550.0,2275.0,949.0,13.0,53300.0,2800.0,1400.0,584.0,8.0,32800.0,61250.0,25550.0,350.0,1435000.0,12775.0,175.0,717500.0,73.0,299300.0,4100.0
362,,12.0,8.0,302.0,129.0,75.0,1.0,3169.0,96.0,3624.0,1548.0,900.0,12.0,38028.0,2416.0,1032.0,600.0,8.0,25352.0,38958.0,22650.0,302.0,957038.0,9675.0,129.0,408801.0,75.0,237675.0,3169.0
363,,15.8,6.0,163.0,133.0,78.0,2.0,3410.0,94.80000000000001,2575.4,2101.4,1232.4,31.6,53878.0,978.0,798.0,468.0,12.0,20460.0,21679.0,12714.0,326.0,555830.0,10374.0,266.0,453530.0,156.0,265980.0,6820.0
365,,17.0,4.0,85.0,70.0,76.0,3.0,1990.0,68.0,1445.0,1190.0,1292.0,51.0,33830.0,340.0,280.0,304.0,12.0,7960.0,5950.0,6460.0,255.0,169150.0,5320.0,210.0,139300.0,228.0,151240.0,5970.0
369,,13.0,8.0,351.0,158.0,73.0,1.0,4363.0,104.0,4563.0,2054.0,949.0,13.0,56719.0,2808.0,1264.0,584.0,8.0,34904.0,55458.0,25623.0,351.0,1531413.0,11534.0,158.0,689354.0,73.0,318499.0,4363.0
371,,15.0,4.0,115.0,95.0,75.0,2.0,2694.0,60.0,1725.0,1425.0,1125.0,30.0,40410.0,460.0,380.0,300.0,8.0,10776.0,10925.0,8625.0,230.0,309810.0,7125.0,190.0,255930.0,150.0,202050.0,5388.0
372,,13.5,8.0,318.0,150.0,74.0,1.0,4457.0,108.0,4293.0,2025.0,999.0,13.5,60169.5,2544.0,1200.0,592.0,8.0,35656.0,47700.0,23532.0,318.0,1417326.0,11100.0,150.0,668550.0,74.0,329818.0,4457.0
374,,17.3,4.0,98.0,70.0,82.0,1.0,2125.0,69.2,1695.4,1211.0,1418.6000000000001,17.3,36762.5,392.0,280.0,328.0,4.0,8500.0,6860.0,8036.0,98.0,208250.0,5740.0,70.0,148750.0,82.0,174250.0,2125.0
376,,19.0,8.0,350.0,105.0,81.0,1.0,3725.0,152.0,6650.0,1995.0,1539.0,19.0,70775.0,2800.0,840.0,648.0,8.0,29800.0,36750.0,28350.0,350.0,1303750.0,8505.0,105.0,391125.0,81.0,301725.0,3725.0
378,,13.5,3.0,70.0,97.0,72.0,3.0,2330.0,40.5,945.0,1309.5,972.0,40.5,31455.0,210.0,291.0,216.0,9.0,6990.0,6790.0,5040.0,210.0,163100.0,6984.0,291.0,226010.0,216.0,167760.0,6990.0
379,,14.0,6.0,155.0,107.0,73.0,1.0,2472.0,84.0,2170.0,1498.0,1022.0,14.0,34608.0,930.0,642.0,438.0,6.0,14832.0,16585.0,11315.0,155.0,383160.0,7811.0,107.0,264504.0,73.0,180456.0,2472.0
386,,16.4,4.0,86.0,65.0,80.0,3.0,2019.0,65.6,1410.3999999999999,1066.0,1312.0,49.199999999999996,33111.6,344.0,260.0,320.0,12.0,8076.0,5590.0,6880.0,258.0,173634.0,5200.0,195.0,131235.0,240.0,161520.0,6057.0
388,,12.6,6.0,168.0,116.0,81.0,3.0,2900.0,75.6,2116.7999999999997,1461.6,1020.6,37.8,36540.0,1008.0,696.0,486.0,18.0,17400.0,19488.0,13608.0,504.0,487200.0,9396.0,348.0,336400.0,243.0,234900.0,8700.0
389,,19.0,6.0,225.0,95.0,75.0,1.0,3785.0,114.0,4275.0,1805.0,1425.0,19.0,71915.0,1350.0,570.0,450.0,6.0,22710.0,21375.0,16875.0,225.0,851625.0,7125.0,95.0,359575.0,75.0,283875.0,3785.0
390,,15.5,4.0,107.0,86.0,76.0,2.0,2464.0,62.0,1658.5,1333.0,1178.0,31.0,38192.0,428.0,344.0,304.0,8.0,9856.0,9202.0,8132.0,214.0,263648.0,6536.0,172.0,211904.0,152.0,187264.0,4928.0
391,,14.0,4.0,114.0,91.0,73.0,2.0,2582.0,56.0,1596.0,1274.0,1022.0,28.0,36148.0,456.0,364.0,292.0,8.0,10328.0,10374.0,8322.0,228.0,294348.0,6643.0,182.0,234962.0,146.0,188486.0,5164.0
392,,14.4,4.0,156.0,105.0,80.0,1.0,2800.0,57.6,2246.4,1512.0,1152.0,14.4,40320.0,624.0,420.0,320.0,4.0,11200.0,16380.0,12480.0,156.0,436800.0,8400.0,105.0,294000.0,80.0,224000.0,2800.0
393,,14.8,4.0,111.0,80.0,77.0,1.0,2155.0,59.2,1642.8000000000002,1184.0,1139.6000000000001,14.8,31894.0,444.0,320.0,308.0,4.0,8620.0,8880.0,8547.0,111.0,239205.0,6160.0,80.0,172400.0,77.0,165935.0,2155.0
394,,11.1,8.0,400.0,180.0,77.0,1.0,4220.0,88.8,4440.0,1998.0,854.6999999999999,11.1,46842.0,3200.0,1440.0,616.0,8.0,33760.0,72000.0,30800.0,400.0,1688000.0,13860.0,180.0,759600.0,77.0,324940.0,4220.0
397,,14.5,4.0,97.0,78.0,77.0,2.0,1940.0,58.0,1406.5,1131.0,1116.5,29.0,28130.0,388.0,312.0,308.0,8.0,7760.0,7566.0,7469.0,194.0,188180.0,6006.0,156.0,151320.0,154.0,149380.0,3880.0
